
-- ----------------------------
-- 请仅在下面的数据库链接中执行该脚本。
-- 主数据源 [47.100.197.208:1521/ORCL]
-- ----------------------------

-- ----------------------------
-- 全部菜单数据
-- ----------------------------
INSERT INTO og_sys_menu VALUES(1507731603873337345,NULL,'系统管理',0,NULL,NULL,NULL,NULL,1,NULL,1507731603751702528,sysdate,1507731603751702528,sysdate,0);
INSERT INTO og_sys_menu VALUES(1507731603902697472,1507731603873337345,'用户管理',1,'formSysUser',NULL,NULL,NULL,100,NULL,1507731603751702528,sysdate,1507731603751702528,sysdate,0);
INSERT INTO og_sys_menu VALUES(1507732512867094605,1507731603902697472,'显示',3,NULL,NULL,NULL,NULL,1,NULL,1507731603751702528,sysdate,1507731603751702528,sysdate,0);
INSERT INTO og_sys_menu VALUES(1507732512867094606,1507731603902697472,'新增',3,NULL,NULL,NULL,NULL,2,NULL,1507731603751702528,sysdate,1507731603751702528,sysdate,0);
INSERT INTO og_sys_menu VALUES(1507732512867094607,1507731603902697472,'编辑',3,NULL,NULL,NULL,NULL,3,NULL,1507731603751702528,sysdate,1507731603751702528,sysdate,0);
INSERT INTO og_sys_menu VALUES(1507732512867094608,1507731603902697472,'删除',3,NULL,NULL,NULL,NULL,4,NULL,1507731603751702528,sysdate,1507731603751702528,sysdate,0);
INSERT INTO og_sys_menu VALUES(1507732512867094609,1507731603902697472,'重置密码',3,NULL,NULL,NULL,NULL,5,NULL,1507731603751702528,sysdate,1507731603751702528,sysdate,0);
INSERT INTO og_sys_menu VALUES(1507732512867094610,1507731603902697472,'权限详情',3,NULL,NULL,NULL,NULL,6,NULL,1507731603751702528,sysdate,1507731603751702528,sysdate,0);
INSERT INTO og_sys_menu VALUES(1507731603902697473,1507731603873337345,'部门管理',1,'formSysDept',NULL,NULL,NULL,105,NULL,1507731603751702528,sysdate,1507731603751702528,sysdate,0);
INSERT INTO og_sys_menu VALUES(1507732512867094619,1507731603902697473,'显示',3,NULL,NULL,NULL,NULL,1,NULL,1507731603751702528,sysdate,1507731603751702528,sysdate,0);
INSERT INTO og_sys_menu VALUES(1507732512867094620,1507731603902697473,'新增',3,NULL,NULL,NULL,NULL,2,NULL,1507731603751702528,sysdate,1507731603751702528,sysdate,0);
INSERT INTO og_sys_menu VALUES(1507732512867094621,1507731603902697473,'编辑',3,NULL,NULL,NULL,NULL,3,NULL,1507731603751702528,sysdate,1507731603751702528,sysdate,0);
INSERT INTO og_sys_menu VALUES(1507732512867094622,1507731603902697473,'删除',3,NULL,NULL,NULL,NULL,4,NULL,1507731603751702528,sysdate,1507731603751702528,sysdate,0);
INSERT INTO og_sys_menu VALUES(1507762778943787115,1507731603902697473,'设置岗位',3,NULL,NULL,NULL,NULL,5,NULL,1507731603751702528,sysdate,1507731603751702528,sysdate,0);
INSERT INTO og_sys_menu VALUES(1507762778943787116,1507731603902697473,'查看岗位',3,NULL,NULL,NULL,NULL,6,NULL,1507731603751702528,sysdate,1507731603751702528,sysdate,0);
INSERT INTO og_sys_menu VALUES(1507731603902697474,1507731603873337345,'角色管理',1,'formSysRole',NULL,NULL,NULL,110,NULL,1507731603751702528,sysdate,1507731603751702528,sysdate,0);
INSERT INTO og_sys_menu VALUES(1507732512871288837,1507731603902697474,'角色管理',2,NULL,NULL,NULL,NULL,1,NULL,1507731603751702528,sysdate,1507731603751702528,sysdate,0);
INSERT INTO og_sys_menu VALUES(1507732512871288838,1507731603902697474,'用户授权',2,NULL,NULL,NULL,NULL,2,NULL,1507731603751702528,sysdate,1507731603751702528,sysdate,0);
INSERT INTO og_sys_menu VALUES(1507732512871288839,1507732512871288837,'显示',3,NULL,NULL,NULL,NULL,1,NULL,1507731603751702528,sysdate,1507731603751702528,sysdate,0);
INSERT INTO og_sys_menu VALUES(1507732512871288840,1507732512871288837,'新增',3,NULL,NULL,NULL,NULL,2,NULL,1507731603751702528,sysdate,1507731603751702528,sysdate,0);
INSERT INTO og_sys_menu VALUES(1507732512871288841,1507732512871288837,'编辑',3,NULL,NULL,NULL,NULL,3,NULL,1507731603751702528,sysdate,1507731603751702528,sysdate,0);
INSERT INTO og_sys_menu VALUES(1507732512871288842,1507732512871288837,'删除',3,NULL,NULL,NULL,NULL,4,NULL,1507731603751702528,sysdate,1507731603751702528,sysdate,0);
INSERT INTO og_sys_menu VALUES(1507732512871288843,1507732512871288837,'权限详情',3,NULL,NULL,NULL,NULL,5,NULL,1507731603751702528,sysdate,1507731603751702528,sysdate,0);
INSERT INTO og_sys_menu VALUES(1507732512875483136,1507732512871288838,'显示',3,NULL,NULL,NULL,NULL,1,NULL,1507731603751702528,sysdate,1507731603751702528,sysdate,0);
INSERT INTO og_sys_menu VALUES(1507732512875483137,1507732512871288838,'授权用户',3,NULL,NULL,NULL,NULL,2,NULL,1507731603751702528,sysdate,1507731603751702528,sysdate,0);
INSERT INTO og_sys_menu VALUES(1507732512875483138,1507732512871288838,'移除用户',3,NULL,NULL,NULL,NULL,3,NULL,1507731603751702528,sysdate,1507731603751702528,sysdate,0);
INSERT INTO og_sys_menu VALUES(1507731603902697475,1507731603873337345,'菜单管理',1,'formSysMenu',NULL,NULL,NULL,120,NULL,1507731603751702528,sysdate,1507731603751702528,sysdate,0);
INSERT INTO og_sys_menu VALUES(1507732512875483149,1507731603902697475,'显示',3,NULL,NULL,NULL,NULL,1,NULL,1507731603751702528,sysdate,1507731603751702528,sysdate,0);
INSERT INTO og_sys_menu VALUES(1507732512875483150,1507731603902697475,'新增',3,NULL,NULL,NULL,NULL,2,NULL,1507731603751702528,sysdate,1507731603751702528,sysdate,0);
INSERT INTO og_sys_menu VALUES(1507732512875483151,1507731603902697475,'编辑',3,NULL,NULL,NULL,NULL,3,NULL,1507731603751702528,sysdate,1507731603751702528,sysdate,0);
INSERT INTO og_sys_menu VALUES(1507732512875483152,1507731603902697475,'删除',3,NULL,NULL,NULL,NULL,4,NULL,1507731603751702528,sysdate,1507731603751702528,sysdate,0);
INSERT INTO og_sys_menu VALUES(1507732512875483153,1507731603902697475,'权限详情',3,NULL,NULL,NULL,NULL,5,NULL,1507731603751702528,sysdate,1507731603751702528,sysdate,0);
INSERT INTO og_sys_menu VALUES(1507731603902697476,1507731603873337345,'权限字管理',1,'formSysPermCode',NULL,NULL,NULL,125,NULL,1507731603751702528,sysdate,1507731603751702528,sysdate,0);
INSERT INTO og_sys_menu VALUES(1507732512875483161,1507731603902697476,'显示',3,NULL,NULL,NULL,NULL,1,NULL,1507731603751702528,sysdate,1507731603751702528,sysdate,0);
INSERT INTO og_sys_menu VALUES(1507732512875483162,1507731603902697476,'新增',3,NULL,NULL,NULL,NULL,2,NULL,1507731603751702528,sysdate,1507731603751702528,sysdate,0);
INSERT INTO og_sys_menu VALUES(1507732512875483163,1507731603902697476,'编辑',3,NULL,NULL,NULL,NULL,3,NULL,1507731603751702528,sysdate,1507731603751702528,sysdate,0);
INSERT INTO og_sys_menu VALUES(1507732512875483164,1507731603902697476,'删除',3,NULL,NULL,NULL,NULL,4,NULL,1507731603751702528,sysdate,1507731603751702528,sysdate,0);
INSERT INTO og_sys_menu VALUES(1507732512875483165,1507731603902697476,'权限详情',3,NULL,NULL,NULL,NULL,5,NULL,1507731603751702528,sysdate,1507731603751702528,sysdate,0);
INSERT INTO og_sys_menu VALUES(1507731603902697477,1507731603873337345,'权限管理',1,'formSysPerm',NULL,NULL,NULL,130,NULL,1507731603751702528,sysdate,1507731603751702528,sysdate,0);
INSERT INTO og_sys_menu VALUES(1507732512875483173,1507731603902697477,'显示',3,NULL,NULL,NULL,NULL,1,NULL,1507731603751702528,sysdate,1507731603751702528,sysdate,0);
INSERT INTO og_sys_menu VALUES(1507732512875483174,1507731603902697477,'新增模块',3,NULL,NULL,NULL,NULL,2,NULL,1507731603751702528,sysdate,1507731603751702528,sysdate,0);
INSERT INTO og_sys_menu VALUES(1507732512875483175,1507731603902697477,'编辑模块',3,NULL,NULL,NULL,NULL,3,NULL,1507731603751702528,sysdate,1507731603751702528,sysdate,0);
INSERT INTO og_sys_menu VALUES(1507732512875483176,1507731603902697477,'删除模块',3,NULL,NULL,NULL,NULL,4,NULL,1507731603751702528,sysdate,1507731603751702528,sysdate,0);
INSERT INTO og_sys_menu VALUES(1507732512875483177,1507731603902697477,'新增权限',3,NULL,NULL,NULL,NULL,5,NULL,1507731603751702528,sysdate,1507731603751702528,sysdate,0);
INSERT INTO og_sys_menu VALUES(1507732512875483178,1507731603902697477,'编辑权限',3,NULL,NULL,NULL,NULL,6,NULL,1507731603751702528,sysdate,1507731603751702528,sysdate,0);
INSERT INTO og_sys_menu VALUES(1507732512875483179,1507731603902697477,'删除权限',3,NULL,NULL,NULL,NULL,7,NULL,1507731603751702528,sysdate,1507731603751702528,sysdate,0);
INSERT INTO og_sys_menu VALUES(1507732512875483180,1507731603902697477,'权限详情',3,NULL,NULL,NULL,NULL,8,NULL,1507731603751702528,sysdate,1507731603751702528,sysdate,0);
INSERT INTO og_sys_menu VALUES(1507731603902697478,1507731603873337345,'字典管理',1,'formSysDict',NULL,NULL,NULL,135,NULL,1507731603751702528,sysdate,1507731603751702528,sysdate,0);
INSERT INTO og_sys_menu VALUES(1507732512875483191,1507731603902697478,'显示',3,NULL,NULL,NULL,NULL,1,NULL,1507731603751702528,sysdate,1507731603751702528,sysdate,0);
INSERT INTO og_sys_menu VALUES(1507732512875483192,1507731603902697478,'新增',3,NULL,NULL,NULL,NULL,2,NULL,1507731603751702528,sysdate,1507731603751702528,sysdate,0);
INSERT INTO og_sys_menu VALUES(1507732512875483193,1507731603902697478,'编辑',3,NULL,NULL,NULL,NULL,3,NULL,1507731603751702528,sysdate,1507731603751702528,sysdate,0);
INSERT INTO og_sys_menu VALUES(1507732512875483194,1507731603902697478,'删除',3,NULL,NULL,NULL,NULL,4,NULL,1507731603751702528,sysdate,1507731603751702528,sysdate,0);
INSERT INTO og_sys_menu VALUES(1507732512875483195,1507731603902697478,'同步缓存',3,NULL,NULL,NULL,NULL,5,NULL,1507731603751702528,sysdate,1507731603751702528,sysdate,0);
INSERT INTO og_sys_menu VALUES(1507731603902697479,1507731603873337345,'操作日志',1,'formSysOperationLog',NULL,NULL,NULL,140,NULL,1507731603751702528,sysdate,1507731603751702528,sysdate,0);
INSERT INTO og_sys_menu VALUES(1507732512875483203,1507731603902697479,'显示',3,NULL,NULL,NULL,NULL,1,NULL,1507731603751702528,sysdate,1507731603751702528,sysdate,0);
INSERT INTO og_sys_menu VALUES(1507731603902697480,1507731603873337345,'在线用户',1,'formSysLoginUser',NULL,NULL,NULL,145,NULL,1507731603751702528,sysdate,1507731603751702528,sysdate,0);
INSERT INTO og_sys_menu VALUES(1507732512875483207,1507731603902697480,'显示',3,NULL,NULL,NULL,NULL,1,NULL,1507731603751702528,sysdate,1507731603751702528,sysdate,0);
INSERT INTO og_sys_menu VALUES(1507732512875483208,1507731603902697480,'强制下线',3,NULL,NULL,NULL,NULL,2,NULL,1507731603751702528,sysdate,1507731603751702528,sysdate,0);
INSERT INTO og_sys_menu VALUES(1507762728033325056,1507731603873337345,'岗位管理',1,'formSysPost',NULL,NULL,NULL,106,NULL,1507731603751702528,sysdate,1507731603751702528,sysdate,0);
INSERT INTO og_sys_menu VALUES(1507762778947981331,1507762728033325056,'岗位管理',2,NULL,NULL,NULL,NULL,1,NULL,1507731603751702528,sysdate,1507731603751702528,sysdate,0);
INSERT INTO og_sys_menu VALUES(1507762778947981332,1507762778947981331,'显示',3,NULL,NULL,NULL,NULL,1,NULL,1507731603751702528,sysdate,1507731603751702528,sysdate,0);
INSERT INTO og_sys_menu VALUES(1507762778947981333,1507762778947981331,'新增',3,NULL,NULL,NULL,NULL,2,NULL,1507731603751702528,sysdate,1507731603751702528,sysdate,0);
INSERT INTO og_sys_menu VALUES(1507762778947981334,1507762778947981331,'编辑',3,NULL,NULL,NULL,NULL,3,NULL,1507731603751702528,sysdate,1507731603751702528,sysdate,0);
INSERT INTO og_sys_menu VALUES(1507762778947981335,1507762778947981331,'删除',3,NULL,NULL,NULL,NULL,4,NULL,1507731603751702528,sysdate,1507731603751702528,sysdate,0);
INSERT INTO og_sys_menu VALUES(1507763144053755904,1507731603873337345,'数据权限管理',1,'formSysDataPerm',NULL,NULL,NULL,115,NULL,1507731603751702528,sysdate,1507731603751702528,sysdate,0);
INSERT INTO og_sys_menu VALUES(1507763161065853150,1507763144053755904,'数据权限管理',2,NULL,NULL,NULL,NULL,1,NULL,1507731603751702528,sysdate,1507731603751702528,sysdate,0);
INSERT INTO og_sys_menu VALUES(1507763161065853151,1507763144053755904,'用户授权',2,NULL,NULL,NULL,NULL,2,NULL,1507731603751702528,sysdate,1507731603751702528,sysdate,0);
INSERT INTO og_sys_menu VALUES(1507763161065853152,1507763161065853150,'显示',3,NULL,NULL,NULL,NULL,1,NULL,1507731603751702528,sysdate,1507731603751702528,sysdate,0);
INSERT INTO og_sys_menu VALUES(1507763161065853153,1507763161065853150,'新增',3,NULL,NULL,NULL,NULL,2,NULL,1507731603751702528,sysdate,1507731603751702528,sysdate,0);
INSERT INTO og_sys_menu VALUES(1507763161065853154,1507763161065853150,'编辑',3,NULL,NULL,NULL,NULL,3,NULL,1507731603751702528,sysdate,1507731603751702528,sysdate,0);
INSERT INTO og_sys_menu VALUES(1507763161065853155,1507763161065853150,'删除',3,NULL,NULL,NULL,NULL,4,NULL,1507731603751702528,sysdate,1507731603751702528,sysdate,0);
INSERT INTO og_sys_menu VALUES(1507763161065853156,1507763161065853151,'显示',3,NULL,NULL,NULL,NULL,1,NULL,1507731603751702528,sysdate,1507731603751702528,sysdate,0);
INSERT INTO og_sys_menu VALUES(1507763161065853157,1507763161065853151,'授权用户',3,NULL,NULL,NULL,NULL,2,NULL,1507731603751702528,sysdate,1507731603751702528,sysdate,0);
INSERT INTO og_sys_menu VALUES(1507763161065853158,1507763161065853151,'移除用户',3,NULL,NULL,NULL,NULL,3,NULL,1507731603751702528,sysdate,1507731603751702528,sysdate,0);

-- ----------------------------
-- 以下记录用于在线表单，这里的注释，是为了便于老用户进行手动数据补偿。
-- ----------------------------

INSERT INTO og_sys_menu VALUES (1392786950682841088,1392786476428693504,'表单管理',1,'formOnlinePage',NULL,NULL,NULL,2,NULL,1507731603751702528,sysdate,1507731603751702528,sysdate,0);
INSERT INTO og_sys_menu VALUES (1392786549942259712,1392786476428693504,'字典管理',1,'formOnlineDict',NULL,NULL,NULL,1,NULL,1507731603751702528,sysdate,1507731603751702528,sysdate,0);
INSERT INTO og_sys_menu VALUES (1392786476428693504,NULL,'在线表单',0,NULL,NULL,NULL,NULL,2,NULL,1507731603751702528,sysdate,1507731603751702528,sysdate,0);

-- ----------------------------
-- 以下记录用于工作流，这里的注释，是为了便于老用户进行手动数据补偿。
-- ----------------------------

INSERT INTO og_sys_menu VALUES (1418057714138877952,NULL,'流程管理',0,NULL,NULL,NULL,NULL,3,NULL,1507731603751702528,sysdate,1507731603751702528,sysdate,0);
INSERT INTO og_sys_menu VALUES (1418059005175009280,NULL,'任务管理',0,NULL,NULL,NULL,NULL,4,NULL,1507731603751702528,sysdate,1507731603751702528,sysdate,0);
INSERT INTO og_sys_menu VALUES (1418057835631087616,1418057714138877952,'流程分类',1,'formFlowCategory',NULL,NULL,NULL,1,NULL,1507731603751702528,sysdate,1507731603751702528,sysdate,0);
INSERT INTO og_sys_menu VALUES (1418058049951633408,1418057835631087616,'新建',3,NULL,NULL,NULL,NULL,1,NULL,1507731603751702528,sysdate,1507731603751702528,sysdate,0);
INSERT INTO og_sys_menu VALUES (1418058115667988480,1418057835631087616,'编辑',3,NULL,NULL,NULL,NULL,2,NULL,1507731603751702528,sysdate,1507731603751702528,sysdate,0);
INSERT INTO og_sys_menu VALUES (1418058170542067712,1418057835631087616,'删除',3,NULL,NULL,NULL,NULL,3,NULL,1507731603751702528,sysdate,1507731603751702528,sysdate,0);
INSERT INTO og_sys_menu VALUES (1418058289182150656,1418057714138877952,'流程设计',1,'formFlowEntry',NULL,NULL,NULL,2,NULL,1507731603751702528,sysdate,1507731603751702528,sysdate,0);
INSERT INTO og_sys_menu VALUES (1418058515099947008,1418058289182150656,'启动',3,NULL,NULL,NULL,NULL,1,NULL,1507731603751702528,sysdate,1507731603751702528,sysdate,0);
INSERT INTO og_sys_menu VALUES (1418058602723151872,1418058289182150656,'编辑',3,NULL,NULL,NULL,NULL,2,NULL,1507731603751702528,sysdate,1507731603751702528,sysdate,0);
INSERT INTO og_sys_menu VALUES (1418058744037642240,1418057714138877952,'流程实例',1,'formAllInstance',NULL,NULL,NULL,3,NULL,1507731603751702528,sysdate,1507731603751702528,sysdate,0);
INSERT INTO og_sys_menu VALUES (1418058844164067328,1418058744037642240,'终止',3,NULL,NULL,NULL,NULL,1,NULL,1507731603751702528,sysdate,1507731603751702528,sysdate,0);
INSERT INTO og_sys_menu VALUES (1418058907674218496,1418058744037642240,'删除',3,NULL,NULL,NULL,NULL,2,NULL,1507731603751702528,sysdate,1507731603751702528,sysdate,0);
INSERT INTO og_sys_menu VALUES (1418059167532322816,1418059005175009280,'待办任务',1,'formMyTask',NULL,NULL,NULL,1,NULL,1507731603751702528,sysdate,1507731603751702528,sysdate,0);
INSERT INTO og_sys_menu VALUES (1423161217970606080,1418059005175009280,'已办任务',1,'formMyApprovedTask',NULL,NULL,NULL,2,NULL,1507731603751702528,sysdate,1507731603751702528,sysdate,0);
INSERT INTO og_sys_menu VALUES (1418059283920064512,1418059005175009280,'历史任务',1,'formMyHistoryTask',NULL,NULL,NULL,3,NULL,1507731603751702528,sysdate,1507731603751702528,sysdate,0);
COMMIT;

-- ----------------------------
-- 全部权限字数据
-- ----------------------------
INSERT INTO "OG_SYS_PERM_CODE" VALUES ('1507732512875483154', NULL, 'formSysMenu', '0', '菜单管理', '10600', '1507731603751702528', TO_TIMESTAMP('2022-03-30 21:04:43.000000', 'SYYYY-MM-DD HH24:MI:SS:FF6'), '1507731603751702528', TO_TIMESTAMP('2022-03-30 21:04:43.000000', 'SYYYY-MM-DD HH24:MI:SS:FF6'), '0');
INSERT INTO "OG_SYS_PERM_CODE" VALUES ('1507732512875483159', '1507732512875483155', 'formSysMenu:fragmentSysMenu:listSysMenuPermDetail', '2', '权限详情', '4', '1507731603751702528', TO_TIMESTAMP('2022-03-30 21:04:43.000000', 'SYYYY-MM-DD HH24:MI:SS:FF6'), '1507731603751702528', TO_TIMESTAMP('2022-03-30 21:04:43.000000', 'SYYYY-MM-DD HH24:MI:SS:FF6'), '0');
INSERT INTO "OG_SYS_PERM_CODE" VALUES ('1507763161065853161', '1507763161065853159', 'formSysDataPerm:fragmentSysDataPermUser', '1', '用户授权', '2', '1507731603751702528', TO_TIMESTAMP('2022-03-30 21:04:43.000000', 'SYYYY-MM-DD HH24:MI:SS:FF6'), '1507731603751702528', TO_TIMESTAMP('2022-03-30 21:04:43.000000', 'SYYYY-MM-DD HH24:MI:SS:FF6'), '0');
INSERT INTO "OG_SYS_PERM_CODE" VALUES ('1507732512867094617', '1507732512867094612', 'formSysUser:fragmentSysUser:listSysUserPermDetail', '2', '权限详情', '5', '1507731603751702528', TO_TIMESTAMP('2022-03-30 21:04:43.000000', 'SYYYY-MM-DD HH24:MI:SS:FF6'), '1507731603751702528', TO_TIMESTAMP('2022-03-30 21:04:43.000000', 'SYYYY-MM-DD HH24:MI:SS:FF6'), '0');
INSERT INTO "OG_SYS_PERM_CODE" VALUES ('1507732512875483144', '1507732512875483140', 'formSysRole:fragmentSysRole:delete', '2', '删除', '3', '1507731603751702528', TO_TIMESTAMP('2022-03-30 21:04:43.000000', 'SYYYY-MM-DD HH24:MI:SS:FF6'), '1507731603751702528', TO_TIMESTAMP('2022-03-30 21:04:43.000000', 'SYYYY-MM-DD HH24:MI:SS:FF6'), '0');
INSERT INTO "OG_SYS_PERM_CODE" VALUES ('1507732512875483166', NULL, 'formSysPermCode', '0', '权限字管理', '10700', '1507731603751702528', TO_TIMESTAMP('2022-03-30 21:04:43.000000', 'SYYYY-MM-DD HH24:MI:SS:FF6'), '1507731603751702528', TO_TIMESTAMP('2022-03-30 21:04:43.000000', 'SYYYY-MM-DD HH24:MI:SS:FF6'), '0');
INSERT INTO "OG_SYS_PERM_CODE" VALUES ('1507732512875483146', '1507732512875483141', 'formSysRole:fragmentSysRoleUser:addUserRole', '2', '授权用户', '1', '1507731603751702528', TO_TIMESTAMP('2022-03-30 21:04:43.000000', 'SYYYY-MM-DD HH24:MI:SS:FF6'), '1507731603751702528', TO_TIMESTAMP('2022-03-30 21:04:43.000000', 'SYYYY-MM-DD HH24:MI:SS:FF6'), '0');
INSERT INTO "OG_SYS_PERM_CODE" VALUES ('1507732512875483181', NULL, 'formSysPerm', '0', '权限管理', '10800', '1507731603751702528', TO_TIMESTAMP('2022-03-30 21:04:43.000000', 'SYYYY-MM-DD HH24:MI:SS:FF6'), '1507731603751702528', TO_TIMESTAMP('2022-03-30 21:04:43.000000', 'SYYYY-MM-DD HH24:MI:SS:FF6'), '0');
INSERT INTO "OG_SYS_PERM_CODE" VALUES ('1507732512875483184', '1507732512875483182', 'formSysPerm:fragmentSysPerm:updatePermModule', '2', '编辑模块', '2', '1507731603751702528', TO_TIMESTAMP('2022-03-30 21:04:43.000000', 'SYYYY-MM-DD HH24:MI:SS:FF6'), '1507731603751702528', TO_TIMESTAMP('2022-03-30 21:04:43.000000', 'SYYYY-MM-DD HH24:MI:SS:FF6'), '0');
INSERT INTO "OG_SYS_PERM_CODE" VALUES ('1507732512875483139', NULL, 'formSysRole', '0', '角色管理', '10200', '1507731603751702528', TO_TIMESTAMP('2022-03-30 21:04:43.000000', 'SYYYY-MM-DD HH24:MI:SS:FF6'), '1507731603751702528', TO_TIMESTAMP('2022-03-30 21:04:43.000000', 'SYYYY-MM-DD HH24:MI:SS:FF6'), '0');
INSERT INTO "OG_SYS_PERM_CODE" VALUES ('1507763161065853166', '1507763161065853161', 'formSysDataPerm:fragmentSysDataPermUser:deleteDataPermUser', '2', '移除用户', '2', '1507731603751702528', TO_TIMESTAMP('2022-03-30 21:04:43.000000', 'SYYYY-MM-DD HH24:MI:SS:FF6'), '1507731603751702528', TO_TIMESTAMP('2022-03-30 21:04:43.000000', 'SYYYY-MM-DD HH24:MI:SS:FF6'), '0');
INSERT INTO "OG_SYS_PERM_CODE" VALUES ('1507762778943787123', '1507732512871288832', 'formSysDept:fragmentSysDept:viewPost', '2', '查看岗位', '5', '1507731603751702528', TO_TIMESTAMP('2022-03-30 21:04:43.000000', 'SYYYY-MM-DD HH24:MI:SS:FF6'), '1507731603751702528', TO_TIMESTAMP('2022-03-30 21:04:43.000000', 'SYYYY-MM-DD HH24:MI:SS:FF6'), '0');
INSERT INTO "OG_SYS_PERM_CODE" VALUES ('1507732512875483167', '1507732512875483166', 'formSysPermCode:fragmentSysPermCode', '1', '权限字管理', '1', '1507731603751702528', TO_TIMESTAMP('2022-03-30 21:04:43.000000', 'SYYYY-MM-DD HH24:MI:SS:FF6'), '1507731603751702528', TO_TIMESTAMP('2022-03-30 21:04:43.000000', 'SYYYY-MM-DD HH24:MI:SS:FF6'), '0');
INSERT INTO "OG_SYS_PERM_CODE" VALUES ('1507732512875483209', NULL, 'formSysLoginUser', '0', '在线用户', '11200', '1507731603751702528', TO_TIMESTAMP('2022-03-30 21:04:43.000000', 'SYYYY-MM-DD HH24:MI:SS:FF6'), '1507731603751702528', TO_TIMESTAMP('2022-03-30 21:04:43.000000', 'SYYYY-MM-DD HH24:MI:SS:FF6'), '0');
INSERT INTO "OG_SYS_PERM_CODE" VALUES ('1507732512875483198', '1507732512875483197', 'formSysDict:fragmentSysDict:add', '2', '新增', '1', '1507731603751702528', TO_TIMESTAMP('2022-03-30 21:04:43.000000', 'SYYYY-MM-DD HH24:MI:SS:FF6'), '1507731603751702528', TO_TIMESTAMP('2022-03-30 21:04:43.000000', 'SYYYY-MM-DD HH24:MI:SS:FF6'), '0');
INSERT INTO "OG_SYS_PERM_CODE" VALUES ('1507732512875483200', '1507732512875483197', 'formSysDict:fragmentSysDict:delete', '2', '删除', '3', '1507731603751702528', TO_TIMESTAMP('2022-03-30 21:04:43.000000', 'SYYYY-MM-DD HH24:MI:SS:FF6'), '1507731603751702528', TO_TIMESTAMP('2022-03-30 21:04:43.000000', 'SYYYY-MM-DD HH24:MI:SS:FF6'), '0');
INSERT INTO "OG_SYS_PERM_CODE" VALUES ('1507762778943787122', '1507732512871288832', 'formSysDept:fragmentSysDept:editPost', '2', '设置岗位', '4', '1507731603751702528', TO_TIMESTAMP('2022-03-30 21:04:44.000000', 'SYYYY-MM-DD HH24:MI:SS:FF6'), '1507731603751702528', TO_TIMESTAMP('2022-03-30 21:04:44.000000', 'SYYYY-MM-DD HH24:MI:SS:FF6'), '0');
INSERT INTO "OG_SYS_PERM_CODE" VALUES ('1507732512867094613', '1507732512867094612', 'formSysUser:fragmentSysUser:add', '2', '新增', '1', '1507731603751702528', TO_TIMESTAMP('2022-03-30 21:04:44.000000', 'SYYYY-MM-DD HH24:MI:SS:FF6'), '1507731603751702528', TO_TIMESTAMP('2022-03-30 21:04:44.000000', 'SYYYY-MM-DD HH24:MI:SS:FF6'), '0');
INSERT INTO "OG_SYS_PERM_CODE" VALUES ('1507732512867094623', NULL, 'formSysDept', '0', '部门管理', '10100', '1507731603751702528', TO_TIMESTAMP('2022-03-30 21:04:44.000000', 'SYYYY-MM-DD HH24:MI:SS:FF6'), '1507731603751702528', TO_TIMESTAMP('2022-03-30 21:04:44.000000', 'SYYYY-MM-DD HH24:MI:SS:FF6'), '0');
INSERT INTO "OG_SYS_PERM_CODE" VALUES ('1507762778947981337', '1507762778947981336', 'formSysPost:fragmentSysPost', '1', '岗位管理', '1', '1507731603751702528', TO_TIMESTAMP('2022-03-30 21:04:44.000000', 'SYYYY-MM-DD HH24:MI:SS:FF6'), '1507731603751702528', TO_TIMESTAMP('2022-03-30 21:04:44.000000', 'SYYYY-MM-DD HH24:MI:SS:FF6'), '0');
INSERT INTO "OG_SYS_PERM_CODE" VALUES ('1507732512875483201', '1507732512875483197', 'formSysDict:fragmentSysDict:reloadCache', '2', '同步缓存', '4', '1507731603751702528', TO_TIMESTAMP('2022-03-30 21:04:44.000000', 'SYYYY-MM-DD HH24:MI:SS:FF6'), '1507731603751702528', TO_TIMESTAMP('2022-03-30 21:04:44.000000', 'SYYYY-MM-DD HH24:MI:SS:FF6'), '0');
INSERT INTO "OG_SYS_PERM_CODE" VALUES ('1507732512875483168', '1507732512875483167', 'formSysPermCode:fragmentSysPermCode:add', '2', '新增', '1', '1507731603751702528', TO_TIMESTAMP('2022-03-30 21:04:44.000000', 'SYYYY-MM-DD HH24:MI:SS:FF6'), '1507731603751702528', TO_TIMESTAMP('2022-03-30 21:04:44.000000', 'SYYYY-MM-DD HH24:MI:SS:FF6'), '0');
INSERT INTO "OG_SYS_PERM_CODE" VALUES ('1507732512867094611', NULL, 'formSysUser', '0', '用户管理', '10000', '1507731603751702528', TO_TIMESTAMP('2022-03-30 21:04:44.000000', 'SYYYY-MM-DD HH24:MI:SS:FF6'), '1507731603751702528', TO_TIMESTAMP('2022-03-30 21:04:44.000000', 'SYYYY-MM-DD HH24:MI:SS:FF6'), '0');
INSERT INTO "OG_SYS_PERM_CODE" VALUES ('1507763161065853163', '1507763161065853160', 'formSysDataPerm:fragmentSysDataPerm:update', '2', '编辑', '2', '1507731603751702528', TO_TIMESTAMP('2022-03-30 21:04:44.000000', 'SYYYY-MM-DD HH24:MI:SS:FF6'), '1507731603751702528', TO_TIMESTAMP('2022-03-30 21:04:44.000000', 'SYYYY-MM-DD HH24:MI:SS:FF6'), '0');
INSERT INTO "OG_SYS_PERM_CODE" VALUES ('1507732512875483188', '1507732512875483182', 'formSysPerm:fragmentSysPerm:deletePerm', '2', '删除权限', '6', '1507731603751702528', TO_TIMESTAMP('2022-03-30 21:04:44.000000', 'SYYYY-MM-DD HH24:MI:SS:FF6'), '1507731603751702528', TO_TIMESTAMP('2022-03-30 21:04:44.000000', 'SYYYY-MM-DD HH24:MI:SS:FF6'), '0');
INSERT INTO "OG_SYS_PERM_CODE" VALUES ('1507732512875483169', '1507732512875483167', 'formSysPermCode:fragmentSysPermCode:update', '2', '编辑', '2', '1507731603751702528', TO_TIMESTAMP('2022-03-30 21:04:44.000000', 'SYYYY-MM-DD HH24:MI:SS:FF6'), '1507731603751702528', TO_TIMESTAMP('2022-03-30 21:04:44.000000', 'SYYYY-MM-DD HH24:MI:SS:FF6'), '0');
INSERT INTO "OG_SYS_PERM_CODE" VALUES ('1507762778947981339', '1507762778947981337', 'formSysPost:fragmentSysPost:update', '2', '编辑', '2', '1507731603751702528', TO_TIMESTAMP('2022-03-30 21:04:44.000000', 'SYYYY-MM-DD HH24:MI:SS:FF6'), '1507731603751702528', TO_TIMESTAMP('2022-03-30 21:04:44.000000', 'SYYYY-MM-DD HH24:MI:SS:FF6'), '0');
INSERT INTO "OG_SYS_PERM_CODE" VALUES ('1507732512871288835', '1507732512871288832', 'formSysDept:fragmentSysDept:delete', '2', '删除', '3', '1507731603751702528', TO_TIMESTAMP('2022-03-30 21:04:44.000000', 'SYYYY-MM-DD HH24:MI:SS:FF6'), '1507731603751702528', TO_TIMESTAMP('2022-03-30 21:04:44.000000', 'SYYYY-MM-DD HH24:MI:SS:FF6'), '0');
INSERT INTO "OG_SYS_PERM_CODE" VALUES ('1507762778947981336', NULL, 'formSysPost', '0', '岗位管理', '10150', '1507731603751702528', TO_TIMESTAMP('2022-03-30 21:04:44.000000', 'SYYYY-MM-DD HH24:MI:SS:FF6'), '1507731603751702528', TO_TIMESTAMP('2022-03-30 21:04:44.000000', 'SYYYY-MM-DD HH24:MI:SS:FF6'), '0');
INSERT INTO "OG_SYS_PERM_CODE" VALUES ('1507732512875483140', '1507732512875483139', 'formSysRole:fragmentSysRole', '1', '角色管理', '1', '1507731603751702528', TO_TIMESTAMP('2022-03-30 21:04:44.000000', 'SYYYY-MM-DD HH24:MI:SS:FF6'), '1507731603751702528', TO_TIMESTAMP('2022-03-30 21:04:44.000000', 'SYYYY-MM-DD HH24:MI:SS:FF6'), '0');
INSERT INTO "OG_SYS_PERM_CODE" VALUES ('1507732512875483187', '1507732512875483182', 'formSysPerm:fragmentSysPerm:updatePerm', '2', '编辑权限', '5', '1507731603751702528', TO_TIMESTAMP('2022-03-30 21:04:44.000000', 'SYYYY-MM-DD HH24:MI:SS:FF6'), '1507731603751702528', TO_TIMESTAMP('2022-03-30 21:04:44.000000', 'SYYYY-MM-DD HH24:MI:SS:FF6'), '0');
INSERT INTO "OG_SYS_PERM_CODE" VALUES ('1507763161065853164', '1507763161065853160', 'formSysDataPerm:fragmentSysDataPerm:delete', '2', '删除', '3', '1507731603751702528', TO_TIMESTAMP('2022-03-30 21:04:44.000000', 'SYYYY-MM-DD HH24:MI:SS:FF6'), '1507731603751702528', TO_TIMESTAMP('2022-03-30 21:04:44.000000', 'SYYYY-MM-DD HH24:MI:SS:FF6'), '0');
INSERT INTO "OG_SYS_PERM_CODE" VALUES ('1507732512875483183', '1507732512875483182', 'formSysPerm:fragmentSysPerm:addPermModule', '2', '新增模块', '1', '1507731603751702528', TO_TIMESTAMP('2022-03-30 21:04:44.000000', 'SYYYY-MM-DD HH24:MI:SS:FF6'), '1507731603751702528', TO_TIMESTAMP('2022-03-30 21:04:44.000000', 'SYYYY-MM-DD HH24:MI:SS:FF6'), '0');
INSERT INTO "OG_SYS_PERM_CODE" VALUES ('1507763161065853162', '1507763161065853160', 'formSysDataPerm:fragmentSysDataPerm:add', '2', '新增', '1', '1507731603751702528', TO_TIMESTAMP('2022-03-30 21:04:44.000000', 'SYYYY-MM-DD HH24:MI:SS:FF6'), '1507731603751702528', TO_TIMESTAMP('2022-03-30 21:04:44.000000', 'SYYYY-MM-DD HH24:MI:SS:FF6'), '0');
INSERT INTO "OG_SYS_PERM_CODE" VALUES ('1507732512875483211', '1507732512875483210', 'formSysLoginUser:fragmentLoginUser:delete', '2', '强制下线', '1', '1507731603751702528', TO_TIMESTAMP('2022-03-30 21:04:44.000000', 'SYYYY-MM-DD HH24:MI:SS:FF6'), '1507731603751702528', TO_TIMESTAMP('2022-03-30 21:04:44.000000', 'SYYYY-MM-DD HH24:MI:SS:FF6'), '0');
INSERT INTO "OG_SYS_PERM_CODE" VALUES ('1507732512875483204', NULL, 'formSysOperationLog', '0', '操作日志', '11100', '1507731603751702528', TO_TIMESTAMP('2022-03-30 21:04:44.000000', 'SYYYY-MM-DD HH24:MI:SS:FF6'), '1507731603751702528', TO_TIMESTAMP('2022-03-30 21:04:44.000000', 'SYYYY-MM-DD HH24:MI:SS:FF6'), '0');
INSERT INTO "OG_SYS_PERM_CODE" VALUES ('1507732512867094612', '1507732512867094611', 'formSysUser:fragmentSysUser', '1', '用户管理', '1', '1507731603751702528', TO_TIMESTAMP('2022-03-30 21:04:44.000000', 'SYYYY-MM-DD HH24:MI:SS:FF6'), '1507731603751702528', TO_TIMESTAMP('2022-03-30 21:04:44.000000', 'SYYYY-MM-DD HH24:MI:SS:FF6'), '0');
INSERT INTO "OG_SYS_PERM_CODE" VALUES ('1507732512875483171', '1507732512875483167', 'formSysPermCode:fragmentSysPermCode:listSysPermCodePermDetail', '2', '权限详情', '4', '1507731603751702528', TO_TIMESTAMP('2022-03-30 21:04:44.000000', 'SYYYY-MM-DD HH24:MI:SS:FF6'), '1507731603751702528', TO_TIMESTAMP('2022-03-30 21:04:44.000000', 'SYYYY-MM-DD HH24:MI:SS:FF6'), '0');
INSERT INTO "OG_SYS_PERM_CODE" VALUES ('1507732512875483158', '1507732512875483155', 'formSysMenu:fragmentSysMenu:delete', '2', '删除', '3', '1507731603751702528', TO_TIMESTAMP('2022-03-30 21:04:44.000000', 'SYYYY-MM-DD HH24:MI:SS:FF6'), '1507731603751702528', TO_TIMESTAMP('2022-03-30 21:04:44.000000', 'SYYYY-MM-DD HH24:MI:SS:FF6'), '0');
INSERT INTO "OG_SYS_PERM_CODE" VALUES ('1507732512875483147', '1507732512875483141', 'formSysRole:fragmentSysRoleUser:deleteUserRole', '2', '移除用户', '2', '1507731603751702528', TO_TIMESTAMP('2022-03-30 21:04:44.000000', 'SYYYY-MM-DD HH24:MI:SS:FF6'), '1507731603751702528', TO_TIMESTAMP('2022-03-30 21:04:44.000000', 'SYYYY-MM-DD HH24:MI:SS:FF6'), '0');
INSERT INTO "OG_SYS_PERM_CODE" VALUES ('1507732512875483197', '1507732512875483196', 'formSysDict:fragmentSysDict', '1', '字典管理', '1', '1507731603751702528', TO_TIMESTAMP('2022-03-30 21:04:44.000000', 'SYYYY-MM-DD HH24:MI:SS:FF6'), '1507731603751702528', TO_TIMESTAMP('2022-03-30 21:04:44.000000', 'SYYYY-MM-DD HH24:MI:SS:FF6'), '0');
INSERT INTO "OG_SYS_PERM_CODE" VALUES ('1507732512867094614', '1507732512867094612', 'formSysUser:fragmentSysUser:update', '2', '编辑', '2', '1507731603751702528', TO_TIMESTAMP('2022-03-30 21:04:44.000000', 'SYYYY-MM-DD HH24:MI:SS:FF6'), '1507731603751702528', TO_TIMESTAMP('2022-03-30 21:04:44.000000', 'SYYYY-MM-DD HH24:MI:SS:FF6'), '0');
INSERT INTO "OG_SYS_PERM_CODE" VALUES ('1507763161065853160', '1507763161065853159', 'formSysDataPerm:fragmentSysDataPerm', '1', '数据权限管理', '1', '1507731603751702528', TO_TIMESTAMP('2022-03-30 21:04:44.000000', 'SYYYY-MM-DD HH24:MI:SS:FF6'), '1507731603751702528', TO_TIMESTAMP('2022-03-30 21:04:44.000000', 'SYYYY-MM-DD HH24:MI:SS:FF6'), '0');
INSERT INTO "OG_SYS_PERM_CODE" VALUES ('1507732512867094616', '1507732512867094612', 'formSysUser:fragmentSysUser:resetPassword', '2', '重置密码', '4', '1507731603751702528', TO_TIMESTAMP('2022-03-30 21:04:44.000000', 'SYYYY-MM-DD HH24:MI:SS:FF6'), '1507731603751702528', TO_TIMESTAMP('2022-03-30 21:04:44.000000', 'SYYYY-MM-DD HH24:MI:SS:FF6'), '0');
INSERT INTO "OG_SYS_PERM_CODE" VALUES ('1507732512875483196', NULL, 'formSysDict', '0', '字典管理', '10900', '1507731603751702528', TO_TIMESTAMP('2022-03-30 21:04:44.000000', 'SYYYY-MM-DD HH24:MI:SS:FF6'), '1507731603751702528', TO_TIMESTAMP('2022-03-30 21:04:44.000000', 'SYYYY-MM-DD HH24:MI:SS:FF6'), '0');
INSERT INTO "OG_SYS_PERM_CODE" VALUES ('1507732512875483157', '1507732512875483155', 'formSysMenu:fragmentSysMenu:update', '2', '编辑', '2', '1507731603751702528', TO_TIMESTAMP('2022-03-30 21:04:44.000000', 'SYYYY-MM-DD HH24:MI:SS:FF6'), '1507731603751702528', TO_TIMESTAMP('2022-03-30 21:04:44.000000', 'SYYYY-MM-DD HH24:MI:SS:FF6'), '0');
INSERT INTO "OG_SYS_PERM_CODE" VALUES ('1507732512875483186', '1507732512875483182', 'formSysPerm:fragmentSysPerm:addPerm', '2', '新增权限', '4', '1507731603751702528', TO_TIMESTAMP('2022-03-30 21:04:45.000000', 'SYYYY-MM-DD HH24:MI:SS:FF6'), '1507731603751702528', TO_TIMESTAMP('2022-03-30 21:04:45.000000', 'SYYYY-MM-DD HH24:MI:SS:FF6'), '0');
INSERT INTO "OG_SYS_PERM_CODE" VALUES ('1507732512867094615', '1507732512867094612', 'formSysUser:fragmentSysUser:delete', '2', '删除', '3', '1507731603751702528', TO_TIMESTAMP('2022-03-30 21:04:45.000000', 'SYYYY-MM-DD HH24:MI:SS:FF6'), '1507731603751702528', TO_TIMESTAMP('2022-03-30 21:04:45.000000', 'SYYYY-MM-DD HH24:MI:SS:FF6'), '0');
INSERT INTO "OG_SYS_PERM_CODE" VALUES ('1507732512875483155', '1507732512875483154', 'formSysMenu:fragmentSysMenu', '1', '菜单管理', '1', '1507731603751702528', TO_TIMESTAMP('2022-03-30 21:04:45.000000', 'SYYYY-MM-DD HH24:MI:SS:FF6'), '1507731603751702528', TO_TIMESTAMP('2022-03-30 21:04:45.000000', 'SYYYY-MM-DD HH24:MI:SS:FF6'), '0');
INSERT INTO "OG_SYS_PERM_CODE" VALUES ('1507732512875483199', '1507732512875483197', 'formSysDict:fragmentSysDict:update', '2', '编辑', '2', '1507731603751702528', TO_TIMESTAMP('2022-03-30 21:04:45.000000', 'SYYYY-MM-DD HH24:MI:SS:FF6'), '1507731603751702528', TO_TIMESTAMP('2022-03-30 21:04:45.000000', 'SYYYY-MM-DD HH24:MI:SS:FF6'), '0');
INSERT INTO "OG_SYS_PERM_CODE" VALUES ('1507762778947981338', '1507762778947981337', 'formSysPost:fragmentSysPost:add', '2', '新增', '1', '1507731603751702528', TO_TIMESTAMP('2022-03-30 21:04:45.000000', 'SYYYY-MM-DD HH24:MI:SS:FF6'), '1507731603751702528', TO_TIMESTAMP('2022-03-30 21:04:45.000000', 'SYYYY-MM-DD HH24:MI:SS:FF6'), '0');
INSERT INTO "OG_SYS_PERM_CODE" VALUES ('1507732512871288833', '1507732512871288832', 'formSysDept:fragmentSysDept:add', '2', '新增', '1', '1507731603751702528', TO_TIMESTAMP('2022-03-30 21:04:45.000000', 'SYYYY-MM-DD HH24:MI:SS:FF6'), '1507731603751702528', TO_TIMESTAMP('2022-03-30 21:04:45.000000', 'SYYYY-MM-DD HH24:MI:SS:FF6'), '0');
INSERT INTO "OG_SYS_PERM_CODE" VALUES ('1507732512875483182', '1507732512875483181', 'formSysPerm:fragmentSysPerm', '1', '权限管理', '1', '1507731603751702528', TO_TIMESTAMP('2022-03-30 21:04:45.000000', 'SYYYY-MM-DD HH24:MI:SS:FF6'), '1507731603751702528', TO_TIMESTAMP('2022-03-30 21:04:45.000000', 'SYYYY-MM-DD HH24:MI:SS:FF6'), '0');
INSERT INTO "OG_SYS_PERM_CODE" VALUES ('1507732512875483141', '1507732512875483139', 'formSysRole:fragmentSysRoleUser', '1', '用户授权', '2', '1507731603751702528', TO_TIMESTAMP('2022-03-30 21:04:45.000000', 'SYYYY-MM-DD HH24:MI:SS:FF6'), '1507731603751702528', TO_TIMESTAMP('2022-03-30 21:04:45.000000', 'SYYYY-MM-DD HH24:MI:SS:FF6'), '0');
INSERT INTO "OG_SYS_PERM_CODE" VALUES ('1507732512875483142', '1507732512875483140', 'formSysRole:fragmentSysRole:add', '2', '新增', '1', '1507731603751702528', TO_TIMESTAMP('2022-03-30 21:04:45.000000', 'SYYYY-MM-DD HH24:MI:SS:FF6'), '1507731603751702528', TO_TIMESTAMP('2022-03-30 21:04:45.000000', 'SYYYY-MM-DD HH24:MI:SS:FF6'), '0');
INSERT INTO "OG_SYS_PERM_CODE" VALUES ('1507732512871288834', '1507732512871288832', 'formSysDept:fragmentSysDept:update', '2', '编辑', '2', '1507731603751702528', TO_TIMESTAMP('2022-03-30 21:04:45.000000', 'SYYYY-MM-DD HH24:MI:SS:FF6'), '1507731603751702528', TO_TIMESTAMP('2022-03-30 21:04:45.000000', 'SYYYY-MM-DD HH24:MI:SS:FF6'), '0');
INSERT INTO "OG_SYS_PERM_CODE" VALUES ('1507732512875483185', '1507732512875483182', 'formSysPerm:fragmentSysPerm:deletePermModule', '2', '删除模块', '3', '1507731603751702528', TO_TIMESTAMP('2022-03-30 21:04:45.000000', 'SYYYY-MM-DD HH24:MI:SS:FF6'), '1507731603751702528', TO_TIMESTAMP('2022-03-30 21:04:45.000000', 'SYYYY-MM-DD HH24:MI:SS:FF6'), '0');
INSERT INTO "OG_SYS_PERM_CODE" VALUES ('1507732512875483189', '1507732512875483182', 'formSysPerm:fragmentSysPerm:listSysPermPermDetail', '2', '权限详情', '7', '1507731603751702528', TO_TIMESTAMP('2022-03-30 21:04:45.000000', 'SYYYY-MM-DD HH24:MI:SS:FF6'), '1507731603751702528', TO_TIMESTAMP('2022-03-30 21:04:45.000000', 'SYYYY-MM-DD HH24:MI:SS:FF6'), '0');
INSERT INTO "OG_SYS_PERM_CODE" VALUES ('1507762778947981340', '1507762778947981337', 'formSysPost:fragmentSysPost:delete', '2', '删除', '3', '1507731603751702528', TO_TIMESTAMP('2022-03-30 21:04:45.000000', 'SYYYY-MM-DD HH24:MI:SS:FF6'), '1507731603751702528', TO_TIMESTAMP('2022-03-30 21:04:45.000000', 'SYYYY-MM-DD HH24:MI:SS:FF6'), '0');
INSERT INTO "OG_SYS_PERM_CODE" VALUES ('1507763161065853159', NULL, 'formSysDataPerm', '0', '数据权限管理', '10400', '1507731603751702528', TO_TIMESTAMP('2022-03-30 21:04:45.000000', 'SYYYY-MM-DD HH24:MI:SS:FF6'), '1507731603751702528', TO_TIMESTAMP('2022-03-30 21:04:45.000000', 'SYYYY-MM-DD HH24:MI:SS:FF6'), '0');
INSERT INTO "OG_SYS_PERM_CODE" VALUES ('1507732512875483143', '1507732512875483140', 'formSysRole:fragmentSysRole:update', '2', '编辑', '2', '1507731603751702528', TO_TIMESTAMP('2022-03-30 21:04:45.000000', 'SYYYY-MM-DD HH24:MI:SS:FF6'), '1507731603751702528', TO_TIMESTAMP('2022-03-30 21:04:45.000000', 'SYYYY-MM-DD HH24:MI:SS:FF6'), '0');
INSERT INTO "OG_SYS_PERM_CODE" VALUES ('1507763161065853165', '1507763161065853161', 'formSysDataPerm:fragmentSysDataPermUser:addDataPermUser', '2', '授权用户', '1', '1507731603751702528', TO_TIMESTAMP('2022-03-30 21:04:45.000000', 'SYYYY-MM-DD HH24:MI:SS:FF6'), '1507731603751702528', TO_TIMESTAMP('2022-03-30 21:04:45.000000', 'SYYYY-MM-DD HH24:MI:SS:FF6'), '0');
INSERT INTO "OG_SYS_PERM_CODE" VALUES ('1507732512875483145', '1507732512875483140', 'formSysRole:fragmentSysRole:listSysRolePermDetail', '2', '权限详情', '4', '1507731603751702528', TO_TIMESTAMP('2022-03-30 21:04:45.000000', 'SYYYY-MM-DD HH24:MI:SS:FF6'), '1507731603751702528', TO_TIMESTAMP('2022-03-30 21:04:45.000000', 'SYYYY-MM-DD HH24:MI:SS:FF6'), '0');
INSERT INTO "OG_SYS_PERM_CODE" VALUES ('1507732512875483156', '1507732512875483155', 'formSysMenu:fragmentSysMenu:add', '2', '新增', '1', '1507731603751702528', TO_TIMESTAMP('2022-03-30 21:04:45.000000', 'SYYYY-MM-DD HH24:MI:SS:FF6'), '1507731603751702528', TO_TIMESTAMP('2022-03-30 21:04:45.000000', 'SYYYY-MM-DD HH24:MI:SS:FF6'), '0');
INSERT INTO "OG_SYS_PERM_CODE" VALUES ('1507732512875483170', '1507732512875483167', 'formSysPermCode:fragmentSysPermCode:delete', '2', '删除', '3', '1507731603751702528', TO_TIMESTAMP('2022-03-30 21:04:45.000000', 'SYYYY-MM-DD HH24:MI:SS:FF6'), '1507731603751702528', TO_TIMESTAMP('2022-03-30 21:04:45.000000', 'SYYYY-MM-DD HH24:MI:SS:FF6'), '0');
INSERT INTO "OG_SYS_PERM_CODE" VALUES ('1507732512875483205', '1507732512875483204', 'formSysOperationLog:fragmentSysOperationLog', '1', '操作日志', '1', '1507731603751702528', TO_TIMESTAMP('2022-03-30 21:04:45.000000', 'SYYYY-MM-DD HH24:MI:SS:FF6'), '1507731603751702528', TO_TIMESTAMP('2022-03-30 21:04:45.000000', 'SYYYY-MM-DD HH24:MI:SS:FF6'), '0');
INSERT INTO "OG_SYS_PERM_CODE" VALUES ('1507732512871288832', '1507732512867094623', 'formSysDept:fragmentSysDept', '1', '部门管理', '1', '1507731603751702528', TO_TIMESTAMP('2022-03-30 21:04:45.000000', 'SYYYY-MM-DD HH24:MI:SS:FF6'), '1507731603751702528', TO_TIMESTAMP('2022-03-30 21:04:45.000000', 'SYYYY-MM-DD HH24:MI:SS:FF6'), '0');
INSERT INTO "OG_SYS_PERM_CODE" VALUES ('1507732512875483210', '1507732512875483209', 'formSysLoginUser:fragmentLoginUser', '1', '在线用户', '1', '1507731603751702528', TO_TIMESTAMP('2022-03-30 21:04:45.000000', 'SYYYY-MM-DD HH24:MI:SS:FF6'), '1507731603751702528', TO_TIMESTAMP('2022-03-30 21:04:45.000000', 'SYYYY-MM-DD HH24:MI:SS:FF6'), '0');
INSERT INTO "OG_SYS_PERM_CODE" VALUES ('1400639252747784192', '1400639030462255104', 'formOnlinePage:fragmentOnlinePage', '1', '在线表单表单管理', '1', '1507731603751702528', TO_TIMESTAMP('2022-03-30 21:04:45.000000', 'SYYYY-MM-DD HH24:MI:SS:FF6'), '1507731603751702528', TO_TIMESTAMP('2022-03-30 21:04:45.000000', 'SYYYY-MM-DD HH24:MI:SS:FF6'), '0');
INSERT INTO "OG_SYS_PERM_CODE" VALUES ('1400639030462255104', NULL, 'formOnlinePage', '0', '在线表单表单管理', '12100', '1507731603751702528', TO_TIMESTAMP('2022-03-30 21:04:45.000000', 'SYYYY-MM-DD HH24:MI:SS:FF6'), '1507731603751702528', TO_TIMESTAMP('2022-03-30 21:04:45.000000', 'SYYYY-MM-DD HH24:MI:SS:FF6'), '0');
INSERT INTO "OG_SYS_PERM_CODE" VALUES ('1400638885750378496', '1400638673195634688', 'formOnlineDict:fragmentOnlineDict', '1', '在线表单字典管理', '1', '1507731603751702528', TO_TIMESTAMP('2022-03-30 21:04:45.000000', 'SYYYY-MM-DD HH24:MI:SS:FF6'), '1507731603751702528', TO_TIMESTAMP('2022-03-30 21:04:45.000000', 'SYYYY-MM-DD HH24:MI:SS:FF6'), '0');
INSERT INTO "OG_SYS_PERM_CODE" VALUES ('1400638673195634688', NULL, 'formOnlineDict', '0', '在线表单字典管理', '12000', '1507731603751702528', TO_TIMESTAMP('2022-03-30 21:04:46.000000', 'SYYYY-MM-DD HH24:MI:SS:FF6'), '1507731603751702528', TO_TIMESTAMP('2022-03-30 21:04:46.000000', 'SYYYY-MM-DD HH24:MI:SS:FF6'), '0');
INSERT INTO "OG_SYS_PERM_CODE" VALUES ('1418046729906819072', NULL, 'formFlowCategory', '0', '流程分类', '13000', '1507731603751702528', TO_TIMESTAMP('2022-03-30 21:04:46.000000', 'SYYYY-MM-DD HH24:MI:SS:FF6'), '1507731603751702528', TO_TIMESTAMP('2022-03-30 21:04:46.000000', 'SYYYY-MM-DD HH24:MI:SS:FF6'), '0');
INSERT INTO "OG_SYS_PERM_CODE" VALUES ('1418048134759583744', NULL, 'formFlowEntry', '0', '流程设计', '13100', '1507731603751702528', TO_TIMESTAMP('2022-03-30 21:04:46.000000', 'SYYYY-MM-DD HH24:MI:SS:FF6'), '1507731603751702528', TO_TIMESTAMP('2022-03-30 21:04:46.000000', 'SYYYY-MM-DD HH24:MI:SS:FF6'), '0');
INSERT INTO "OG_SYS_PERM_CODE" VALUES ('1418048872671875072', NULL, 'formAllInstance', '0', '流程实例', '13200', '1507731603751702528', TO_TIMESTAMP('2022-03-30 21:04:46.000000', 'SYYYY-MM-DD HH24:MI:SS:FF6'), '1507731603751702528', TO_TIMESTAMP('2022-03-30 21:04:46.000000', 'SYYYY-MM-DD HH24:MI:SS:FF6'), '0');
INSERT INTO "OG_SYS_PERM_CODE" VALUES ('1418050031436435456', NULL, 'formMyTask', '0', '我的待办', '13300', '1507731603751702528', TO_TIMESTAMP('2022-03-30 21:04:46.000000', 'SYYYY-MM-DD HH24:MI:SS:FF6'), '1507731603751702528', TO_TIMESTAMP('2022-03-30 21:04:46.000000', 'SYYYY-MM-DD HH24:MI:SS:FF6'), '0');
INSERT INTO "OG_SYS_PERM_CODE" VALUES ('1418057020824621056', NULL, 'formMyHistoryTask', '0', '历史流程', '13400', '1507731603751702528', TO_TIMESTAMP('2022-03-30 21:04:46.000000', 'SYYYY-MM-DD HH24:MI:SS:FF6'), '1507731603751702528', TO_TIMESTAMP('2022-03-30 21:04:46.000000', 'SYYYY-MM-DD HH24:MI:SS:FF6'), '0');
INSERT INTO "OG_SYS_PERM_CODE" VALUES ('1423636498195943424', NULL, 'formMyApprovedTask', '0', '已办任务', '13500', '1507731603751702528', TO_TIMESTAMP('2022-03-30 21:04:46.000000', 'SYYYY-MM-DD HH24:MI:SS:FF6'), '1507731603751702528', TO_TIMESTAMP('2022-03-30 21:04:46.000000', 'SYYYY-MM-DD HH24:MI:SS:FF6'), '0');
INSERT INTO "OG_SYS_PERM_CODE" VALUES ('1418046848794365952', '1418046729906819072', 'formFlowCategory:formFlowCategory', '1', '流程分类', '1', '1507731603751702528', TO_TIMESTAMP('2022-03-30 21:04:46.000000', 'SYYYY-MM-DD HH24:MI:SS:FF6'), '1507731603751702528', TO_TIMESTAMP('2022-03-30 21:04:46.000000', 'SYYYY-MM-DD HH24:MI:SS:FF6'), '0');
INSERT INTO "OG_SYS_PERM_CODE" VALUES ('1418046986677915648', '1418046848794365952', 'formFlowCategory:formFlowCategory:add', '2', '新增', '1', '1507731603751702528', TO_TIMESTAMP('2022-03-30 21:04:46.000000', 'SYYYY-MM-DD HH24:MI:SS:FF6'), '1507731603751702528', TO_TIMESTAMP('2022-03-30 21:04:46.000000', 'SYYYY-MM-DD HH24:MI:SS:FF6'), '0');
INSERT INTO "OG_SYS_PERM_CODE" VALUES ('1418047095188754432', '1418046848794365952', 'formFlowCategory:formFlowCategory:update', '2', '编辑', '2', '1507731603751702528', TO_TIMESTAMP('2022-03-30 21:04:46.000000', 'SYYYY-MM-DD HH24:MI:SS:FF6'), '1507731603751702528', TO_TIMESTAMP('2022-03-30 21:04:46.000000', 'SYYYY-MM-DD HH24:MI:SS:FF6'), '0');
INSERT INTO "OG_SYS_PERM_CODE" VALUES ('1418047182946177024', '1418046848794365952', 'formFlowCategory:formFlowCategory:delete', '2', '删除', '3', '1507731603751702528', TO_TIMESTAMP('2022-03-30 21:04:46.000000', 'SYYYY-MM-DD HH24:MI:SS:FF6'), '1507731603751702528', TO_TIMESTAMP('2022-03-30 21:04:46.000000', 'SYYYY-MM-DD HH24:MI:SS:FF6'), '0');
INSERT INTO "OG_SYS_PERM_CODE" VALUES ('1418048205177753600', '1418048134759583744', 'formFlowEntry:formFlowEntry', '1', '流程设计', '1', '1507731603751702528', TO_TIMESTAMP('2022-03-30 21:04:46.000000', 'SYYYY-MM-DD HH24:MI:SS:FF6'), '1507731603751702528', TO_TIMESTAMP('2022-03-30 21:04:46.000000', 'SYYYY-MM-DD HH24:MI:SS:FF6'), '0');
INSERT INTO "OG_SYS_PERM_CODE" VALUES ('1418050797706416128', '1418048205177753600', 'formFlowEntry:formFlowEntry:start', '2', '启动', '2', '1507731603751702528', TO_TIMESTAMP('2022-03-30 21:04:46.000000', 'SYYYY-MM-DD HH24:MI:SS:FF6'), '1507731603751702528', TO_TIMESTAMP('2022-03-30 21:04:46.000000', 'SYYYY-MM-DD HH24:MI:SS:FF6'), '0');
INSERT INTO "OG_SYS_PERM_CODE" VALUES ('1418048335343783936', '1418048205177753600', 'formFlowEntry:formFlowEntry:update', '2', '编辑', '1', '1507731603751702528', TO_TIMESTAMP('2022-03-30 21:04:46.000000', 'SYYYY-MM-DD HH24:MI:SS:FF6'), '1507731603751702528', TO_TIMESTAMP('2022-03-30 21:04:46.000000', 'SYYYY-MM-DD HH24:MI:SS:FF6'), '0');
INSERT INTO "OG_SYS_PERM_CODE" VALUES ('1418049164754817024', '1418048872671875072', 'formAllInstance:formAllInstance', '1', '流程实例', '1', '1507731603751702528', TO_TIMESTAMP('2022-03-30 21:04:46.000000', 'SYYYY-MM-DD HH24:MI:SS:FF6'), '1507731603751702528', TO_TIMESTAMP('2022-03-30 21:04:46.000000', 'SYYYY-MM-DD HH24:MI:SS:FF6'), '0');
INSERT INTO "OG_SYS_PERM_CODE" VALUES ('1418049287106859008', '1418049164754817024', 'formAllInstance:formAllInstance:stop', '2', '终止', '1', '1507731603751702528', TO_TIMESTAMP('2022-03-30 21:04:46.000000', 'SYYYY-MM-DD HH24:MI:SS:FF6'), '1507731603751702528', TO_TIMESTAMP('2022-03-30 21:04:46.000000', 'SYYYY-MM-DD HH24:MI:SS:FF6'), '0');
INSERT INTO "OG_SYS_PERM_CODE" VALUES ('1418049398776008704', '1418049164754817024', 'formAllInstance:formAllInstance:delete', '2', '删除', '2', '1507731603751702528', TO_TIMESTAMP('2022-03-30 21:04:46.000000', 'SYYYY-MM-DD HH24:MI:SS:FF6'), '1507731603751702528', TO_TIMESTAMP('2022-03-30 21:04:46.000000', 'SYYYY-MM-DD HH24:MI:SS:FF6'), '0');
INSERT INTO "OG_SYS_PERM_CODE" VALUES ('1418050322282057728', '1418050031436435456', 'formMyTask:formMyTask', '1', '我的待办', '1', '1507731603751702528', TO_TIMESTAMP('2022-03-30 21:04:46.000000', 'SYYYY-MM-DD HH24:MI:SS:FF6'), '1507731603751702528', TO_TIMESTAMP('2022-03-30 21:04:46.000000', 'SYYYY-MM-DD HH24:MI:SS:FF6'), '0');
INSERT INTO "OG_SYS_PERM_CODE" VALUES ('1418057346877231104', '1418057020824621056', 'formMyHistoryTask:formMyHistoryTask', '1', '历史流程', '1', '1507731603751702528', TO_TIMESTAMP('2022-03-30 21:04:46.000000', 'SYYYY-MM-DD HH24:MI:SS:FF6'), '1507731603751702528', TO_TIMESTAMP('2022-03-30 21:04:46.000000', 'SYYYY-MM-DD HH24:MI:SS:FF6'), '0');
INSERT INTO "OG_SYS_PERM_CODE" VALUES ('1423637544578322432', '1423636498195943424', 'formMyApprovedTask:formMyApprovedTask', '1', '已办任务', '1', '1507731603751702528', TO_TIMESTAMP('2022-03-30 21:04:46.000000', 'SYYYY-MM-DD HH24:MI:SS:FF6'), '1507731603751702528', TO_TIMESTAMP('2022-03-30 21:04:46.000000', 'SYYYY-MM-DD HH24:MI:SS:FF6'), '0');

-- ----------------------------
-- 以下记录用于在线表单，这里的注释，是为了便于老用户进行手动数据补偿。
-- ----------------------------

INSERT INTO og_sys_perm_code VALUES (1400639252747784192,1400639030462255104,'formOnlinePage:fragmentOnlinePage',1,'在线表单表单管理',1,1507731603751702528,sysdate,1507731603751702528,sysdate,0);
INSERT INTO og_sys_perm_code VALUES (1400639030462255104,NULL,'formOnlinePage',0,'在线表单表单管理',12100,1507731603751702528,sysdate,1507731603751702528,sysdate,0);
INSERT INTO og_sys_perm_code VALUES (1400638885750378496,1400638673195634688,'formOnlineDict:fragmentOnlineDict',1,'在线表单字典管理',1,1507731603751702528,sysdate,1507731603751702528,sysdate,0);
INSERT INTO og_sys_perm_code VALUES (1400638673195634688,NULL,'formOnlineDict',0,'在线表单字典管理',12000,1507731603751702528,sysdate,1507731603751702528,sysdate,0);

-- ----------------------------
-- 以下记录用于工作流，这里的注释，是为了便于老用户进行手动数据补偿。
-- ----------------------------

INSERT INTO og_sys_perm_code VALUES (1418046729906819072,NULL,'formFlowCategory',0,'流程分类',13000,1507731603751702528,sysdate,1507731603751702528,sysdate,0);
INSERT INTO og_sys_perm_code VALUES (1418048134759583744,NULL,'formFlowEntry',0,'流程设计',13100,1507731603751702528,sysdate,1507731603751702528,sysdate,0);
INSERT INTO og_sys_perm_code VALUES (1418048872671875072,NULL,'formAllInstance',0,'流程实例',13200,1507731603751702528,sysdate,1507731603751702528,sysdate,0);
INSERT INTO og_sys_perm_code VALUES (1418050031436435456,NULL,'formMyTask',0,'我的待办',13300,1507731603751702528,sysdate,1507731603751702528,sysdate,0);
INSERT INTO og_sys_perm_code VALUES (1418057020824621056,NULL,'formMyHistoryTask',0,'历史流程',13400,1507731603751702528,sysdate,1507731603751702528,sysdate,0);
INSERT INTO og_sys_perm_code VALUES (1423636498195943424,NULL,'formMyApprovedTask',0,'已办任务',13500,1507731603751702528,sysdate,1507731603751702528,sysdate,0);
INSERT INTO og_sys_perm_code VALUES (1418046848794365952,1418046729906819072,'formFlowCategory:formFlowCategory',1,'流程分类',1,1507731603751702528,sysdate,1507731603751702528,sysdate,0);
INSERT INTO og_sys_perm_code VALUES (1418046986677915648,1418046848794365952,'formFlowCategory:formFlowCategory:add',2,'新增',1,1507731603751702528,sysdate,1507731603751702528,sysdate,0);
INSERT INTO og_sys_perm_code VALUES (1418047095188754432,1418046848794365952,'formFlowCategory:formFlowCategory:update',2,'编辑',2,1507731603751702528,sysdate,1507731603751702528,sysdate,0);
INSERT INTO og_sys_perm_code VALUES (1418047182946177024,1418046848794365952,'formFlowCategory:formFlowCategory:delete',2,'删除',3,1507731603751702528,sysdate,1507731603751702528,sysdate,0);
INSERT INTO og_sys_perm_code VALUES (1418048205177753600,1418048134759583744,'formFlowEntry:formFlowEntry',1,'流程设计',1,1507731603751702528,sysdate,1507731603751702528,sysdate,0);
INSERT INTO og_sys_perm_code VALUES (1418050797706416128,1418048205177753600,'formFlowEntry:formFlowEntry:start',2,'启动',2,1507731603751702528,sysdate,1507731603751702528,sysdate,0);
INSERT INTO og_sys_perm_code VALUES (1418048335343783936,1418048205177753600,'formFlowEntry:formFlowEntry:update',2,'编辑',1,1507731603751702528,sysdate,1507731603751702528,sysdate,0);
INSERT INTO og_sys_perm_code VALUES (1418049164754817024,1418048872671875072,'formAllInstance:formAllInstance',1,'流程实例',1,1507731603751702528,sysdate,1507731603751702528,sysdate,0);
INSERT INTO og_sys_perm_code VALUES (1418049287106859008,1418049164754817024,'formAllInstance:formAllInstance:stop',2,'终止',1,1507731603751702528,sysdate,1507731603751702528,sysdate,0);
INSERT INTO og_sys_perm_code VALUES (1418049398776008704,1418049164754817024,'formAllInstance:formAllInstance:delete',2,'删除',2,1507731603751702528,sysdate,1507731603751702528,sysdate,0);
INSERT INTO og_sys_perm_code VALUES (1418050322282057728,1418050031436435456,'formMyTask:formMyTask',1,'我的待办',1,1507731603751702528,sysdate,1507731603751702528,sysdate,0);
INSERT INTO og_sys_perm_code VALUES (1418057346877231104,1418057020824621056,'formMyHistoryTask:formMyHistoryTask',1,'历史流程',1,1507731603751702528,sysdate,1507731603751702528,sysdate,0);
INSERT INTO og_sys_perm_code VALUES (1423637544578322432,1423636498195943424,'formMyApprovedTask:formMyApprovedTask',1,'已办任务',1,1507731603751702528,sysdate,1507731603751702528,sysdate,0);
COMMIT;

-- ----------------------------
-- 全部菜单和权限字关系数据
-- ----------------------------
INSERT INTO og_sys_menu_perm_code VALUES(1507732512867094605,1507732512867094612);
INSERT INTO og_sys_menu_perm_code VALUES(1507732512867094606,1507732512867094613);
INSERT INTO og_sys_menu_perm_code VALUES(1507732512867094607,1507732512867094614);
INSERT INTO og_sys_menu_perm_code VALUES(1507732512867094608,1507732512867094615);
INSERT INTO og_sys_menu_perm_code VALUES(1507732512867094609,1507732512867094616);
INSERT INTO og_sys_menu_perm_code VALUES(1507732512867094610,1507732512867094617);
INSERT INTO og_sys_menu_perm_code VALUES(1507732512867094619,1507732512871288832);
INSERT INTO og_sys_menu_perm_code VALUES(1507732512867094620,1507732512871288833);
INSERT INTO og_sys_menu_perm_code VALUES(1507732512867094621,1507732512871288834);
INSERT INTO og_sys_menu_perm_code VALUES(1507732512867094622,1507732512871288835);
INSERT INTO og_sys_menu_perm_code VALUES(1507762778943787115,1507762778943787122);
INSERT INTO og_sys_menu_perm_code VALUES(1507762778943787116,1507762778943787123);
INSERT INTO og_sys_menu_perm_code VALUES(1507732512871288839,1507732512875483140);
INSERT INTO og_sys_menu_perm_code VALUES(1507732512875483136,1507732512875483141);
INSERT INTO og_sys_menu_perm_code VALUES(1507732512871288840,1507732512875483142);
INSERT INTO og_sys_menu_perm_code VALUES(1507732512871288841,1507732512875483143);
INSERT INTO og_sys_menu_perm_code VALUES(1507732512871288842,1507732512875483144);
INSERT INTO og_sys_menu_perm_code VALUES(1507732512875483137,1507732512875483146);
INSERT INTO og_sys_menu_perm_code VALUES(1507732512875483138,1507732512875483147);
INSERT INTO og_sys_menu_perm_code VALUES(1507732512871288843,1507732512875483145);
INSERT INTO og_sys_menu_perm_code VALUES(1507732512875483149,1507732512875483155);
INSERT INTO og_sys_menu_perm_code VALUES(1507732512875483151,1507732512875483157);
INSERT INTO og_sys_menu_perm_code VALUES(1507732512875483150,1507732512875483156);
INSERT INTO og_sys_menu_perm_code VALUES(1507732512875483152,1507732512875483158);
INSERT INTO og_sys_menu_perm_code VALUES(1507732512875483153,1507732512875483159);
INSERT INTO og_sys_menu_perm_code VALUES(1507732512875483161,1507732512875483167);
INSERT INTO og_sys_menu_perm_code VALUES(1507732512875483162,1507732512875483168);
INSERT INTO og_sys_menu_perm_code VALUES(1507732512875483163,1507732512875483169);
INSERT INTO og_sys_menu_perm_code VALUES(1507732512875483164,1507732512875483170);
INSERT INTO og_sys_menu_perm_code VALUES(1507732512875483165,1507732512875483171);
INSERT INTO og_sys_menu_perm_code VALUES(1507732512875483173,1507732512875483182);
INSERT INTO og_sys_menu_perm_code VALUES(1507732512875483174,1507732512875483183);
INSERT INTO og_sys_menu_perm_code VALUES(1507732512875483175,1507732512875483184);
INSERT INTO og_sys_menu_perm_code VALUES(1507732512875483176,1507732512875483185);
INSERT INTO og_sys_menu_perm_code VALUES(1507732512875483177,1507732512875483186);
INSERT INTO og_sys_menu_perm_code VALUES(1507732512875483178,1507732512875483187);
INSERT INTO og_sys_menu_perm_code VALUES(1507732512875483179,1507732512875483188);
INSERT INTO og_sys_menu_perm_code VALUES(1507732512875483180,1507732512875483189);
INSERT INTO og_sys_menu_perm_code VALUES(1507731603902697478,1507732512875483197);
INSERT INTO og_sys_menu_perm_code VALUES(1507731603902697478,1507732512875483198);
INSERT INTO og_sys_menu_perm_code VALUES(1507731603902697478,1507732512875483199);
INSERT INTO og_sys_menu_perm_code VALUES(1507731603902697478,1507732512875483200);
INSERT INTO og_sys_menu_perm_code VALUES(1507731603902697478,1507732512875483201);
INSERT INTO og_sys_menu_perm_code VALUES(1507732512875483191,1507732512875483197);
INSERT INTO og_sys_menu_perm_code VALUES(1507732512875483192,1507732512875483198);
INSERT INTO og_sys_menu_perm_code VALUES(1507732512875483193,1507732512875483199);
INSERT INTO og_sys_menu_perm_code VALUES(1507732512875483194,1507732512875483200);
INSERT INTO og_sys_menu_perm_code VALUES(1507732512875483195,1507732512875483201);
INSERT INTO og_sys_menu_perm_code VALUES(1507732512875483203,1507732512875483205);
INSERT INTO og_sys_menu_perm_code VALUES(1507732512875483207,1507732512875483210);
INSERT INTO og_sys_menu_perm_code VALUES(1507732512875483208,1507732512875483211);
INSERT INTO og_sys_menu_perm_code VALUES(1507762778947981332,1507762778947981337);
INSERT INTO og_sys_menu_perm_code VALUES(1507762778947981333,1507762778947981338);
INSERT INTO og_sys_menu_perm_code VALUES(1507762778947981334,1507762778947981339);
INSERT INTO og_sys_menu_perm_code VALUES(1507762778947981335,1507762778947981340);
INSERT INTO og_sys_menu_perm_code VALUES(1507763161065853152,1507763161065853160);
INSERT INTO og_sys_menu_perm_code VALUES(1507763161065853156,1507763161065853161);
INSERT INTO og_sys_menu_perm_code VALUES(1507763161065853153,1507763161065853162);
INSERT INTO og_sys_menu_perm_code VALUES(1507763161065853154,1507763161065853163);
INSERT INTO og_sys_menu_perm_code VALUES(1507763161065853155,1507763161065853164);
INSERT INTO og_sys_menu_perm_code VALUES(1507763161065853157,1507763161065853165);
INSERT INTO og_sys_menu_perm_code VALUES(1507763161065853158,1507763161065853166);

-- ----------------------------
-- 以下记录用于在线表单，这里的注释，是为了便于老用户进行手动数据补偿。
-- ----------------------------

INSERT INTO og_sys_menu_perm_code VALUES (1392786549942259712,1400638885750378496);
INSERT INTO og_sys_menu_perm_code VALUES (1392786950682841088,1400639252747784192);

-- ----------------------------
-- 以下记录用于工作流，这里的注释，是为了便于老用户进行手动数据补偿。
-- ----------------------------

INSERT INTO og_sys_menu_perm_code VALUES (1418057835631087616,1418046848794365952);
INSERT INTO og_sys_menu_perm_code VALUES (1418058049951633408,1418046986677915648);
INSERT INTO og_sys_menu_perm_code VALUES (1418058115667988480,1418047095188754432);
INSERT INTO og_sys_menu_perm_code VALUES (1418058170542067712,1418047182946177024);
INSERT INTO og_sys_menu_perm_code VALUES (1418058289182150656,1418048205177753600);
INSERT INTO og_sys_menu_perm_code VALUES (1418058602723151872,1418048335343783936);
INSERT INTO og_sys_menu_perm_code VALUES (1418058744037642240,1418049164754817024);
INSERT INTO og_sys_menu_perm_code VALUES (1418058844164067328,1418049287106859008);
INSERT INTO og_sys_menu_perm_code VALUES (1418058907674218496,1418049398776008704);
INSERT INTO og_sys_menu_perm_code VALUES (1418059167532322816,1418050322282057728);
INSERT INTO og_sys_menu_perm_code VALUES (1418058515099947008,1418050797706416128);
INSERT INTO og_sys_menu_perm_code VALUES (1418059283920064512,1418057346877231104);
INSERT INTO og_sys_menu_perm_code VALUES (1423161217970606080,1423636498195943424);
INSERT INTO og_sys_menu_perm_code VALUES (1423161217970606080,1423637544578322432);
COMMIT;

-- ----------------------------
-- 全部权限资源模块数据
-- ----------------------------
INSERT INTO og_sys_perm_module VALUES(1507731603919474689,NULL,'缺省分组',0,3,1507731603751702528,sysdate,1507731603751702528,sysdate,0);
INSERT INTO og_sys_perm_module VALUES(1507731603919474688,NULL,'系统配置',0,2,1507731603751702528,sysdate,1507731603751702528,sysdate,0);
INSERT INTO og_sys_perm_module VALUES(1507731603810422786,NULL,'用户权限',0,1,1507731603751702528,sysdate,1507731603751702528,sysdate,0);
INSERT INTO og_sys_perm_module VALUES(1507732512867094597,1507731603919474688,'字典管理',0,0,1507731603751702528,sysdate,1507731603751702528,sysdate,0);
INSERT INTO og_sys_perm_module VALUES(1507731604762529792,1507731603810422786,'部门管理',1,0,1507731603751702528,sysdate,1507731603751702528,sysdate,0);
INSERT INTO og_sys_perm_module VALUES(1507731604565397504,1507731603810422786,'用户管理',1,5,1507731603751702528,sysdate,1507731603751702528,sysdate,0);
INSERT INTO og_sys_perm_module VALUES(1507732512867094554,1507731603810422786,'角色管理',1,10,1507731603751702528,sysdate,1507731603751702528,sysdate,0);
INSERT INTO og_sys_perm_module VALUES(1507763161065852972,1507731603810422786,'数据权限管理',1,15,1507731603751702528,sysdate,1507731603751702528,sysdate,0);
INSERT INTO og_sys_perm_module VALUES(1507762778943787052,1507731603810422786,'岗位管理',1,20,1507731603751702528,sysdate,1507731603751702528,sysdate,0);
INSERT INTO og_sys_perm_module VALUES(1507732512867094566,1507731603810422786,'菜单管理',1,25,1507731603751702528,sysdate,1507731603751702528,sysdate,0);
INSERT INTO og_sys_perm_module VALUES(1507732512867094574,1507731603810422786,'权限字管理',1,30,1507731603751702528,sysdate,1507731603751702528,sysdate,0);
INSERT INTO og_sys_perm_module VALUES(1507732512867094582,1507731603810422786,'权限模块管理',1,35,1507731603751702528,sysdate,1507731603751702528,sysdate,0);
INSERT INTO og_sys_perm_module VALUES(1507732512867094588,1507731603810422786,'权限资源管理',1,40,1507731603751702528,sysdate,1507731603751702528,sysdate,0);
INSERT INTO og_sys_perm_module VALUES(1507732512867094598,1507731603919474688,'操作日志',1,5,1507731603751702528,sysdate,1507731603751702528,sysdate,0);
INSERT INTO og_sys_perm_module VALUES(1507732512867094600,1507731603919474688,'在线用户',1,10,1507731603751702528,sysdate,1507731603751702528,sysdate,0);

-- ----------------------------
-- 以下记录用于在线表单，这里的注释，是为了便于老用户进行手动数据补偿。
-- ----------------------------

INSERT INTO og_sys_perm_module VALUES (1400626463740268544,1400625106979393536,'表单管理',1,9,1507731603751702528,sysdate,1507731603751702528,sysdate,0);
INSERT INTO og_sys_perm_module VALUES (1400626237478539264,1400625106979393536,'数据源关联',1,8,1507731603751702528,sysdate,1507731603751702528,sysdate,0);
INSERT INTO og_sys_perm_module VALUES (1400626192725315584,1400625106979393536,'数据源管理',1,7,1507731603751702528,sysdate,1507731603751702528,sysdate,0);
INSERT INTO og_sys_perm_module VALUES (1400626018774945792,1400625106979393536,'字段验证规则',1,5,1507731603751702528,sysdate,1507731603751702528,sysdate,0);
INSERT INTO og_sys_perm_module VALUES (1400625906245963776,1400625106979393536,'数据表字段',1,4,1507731603751702528,sysdate,1507731603751702528,sysdate,0);
INSERT INTO og_sys_perm_module VALUES (1400625800033603584,1400625106979393536,'数据表管理',1,3,1507731603751702528,sysdate,1507731603751702528,sysdate,0);
INSERT INTO og_sys_perm_module VALUES (1400625585851469824,1400625106979393536,'在线表单字典管理',1,1,1507731603751702528,sysdate,1507731603751702528,sysdate,0);
INSERT INTO og_sys_perm_module VALUES (1400625338886656000,1400625106979393536,'页面管理',1,6,1507731603751702528,sysdate,1507731603751702528,sysdate,0);
INSERT INTO og_sys_perm_module VALUES (1400625224646397952,1400625106979393536,'数据库连接',1,2,1507731603751702528,sysdate,1507731603751702528,sysdate,0);
INSERT INTO og_sys_perm_module VALUES (1413404952566435840,1400625106979393536,'虚拟字段管理',1,10,1507731603751702528,sysdate,1507731603751702528,sysdate,0);
INSERT INTO og_sys_perm_module VALUES (1400625106979393536,NULL,'在线表单',0,5,1507731603751702528,sysdate,1507731603751702528,sysdate,0);

-- ----------------------------
-- 以下记录用于工作流，这里的注释，是为了便于老用户进行手动数据补偿。
-- ----------------------------

INSERT INTO og_sys_perm_module VALUES (1418028920103505920,NULL,'流程管理',0,6,1507731603751702528,sysdate,1507731603751702528,sysdate,0);
INSERT INTO og_sys_perm_module VALUES (1418038955105849344,NULL,'工单列表',0,7,1507731603751702528,sysdate,1507731603751702528,sysdate,0);
INSERT INTO og_sys_perm_module VALUES (1418029566533832704,1418028920103505920,'流程分类',1,1,1507731603751702528,sysdate,1507731603751702528,sysdate,0);
INSERT INTO og_sys_perm_module VALUES (1418029615040958464,1418028920103505920,'流程设计',1,2,1507731603751702528,sysdate,1507731603751702528,sysdate,0);
INSERT INTO og_sys_perm_module VALUES (1418030256765276160,1418028920103505920,'流程操作',1,4,1507731603751702528,sysdate,1507731603751702528,sysdate,0);
INSERT INTO og_sys_perm_module VALUES (1418031999276290048,1418028920103505920,'流程变量',1,3,1507731603751702528,sysdate,1507731603751702528,sysdate,0);
INSERT INTO og_sys_perm_module VALUES (1418051228918616064,1418028920103505920,'启动流程',1,5,1507731603751702528,sysdate,1507731603751702528,sysdate,0);
INSERT INTO og_sys_perm_module VALUES (1418051634793025536,1418028920103505920,'审批流程',1,6,1507731603751702528,sysdate,1507731603751702528,sysdate,0);
INSERT INTO og_sys_perm_module VALUES (1418054414190514176,1418028920103505920,'流程审批数据',1,7,1507731603751702528,sysdate,1507731603751702528,sysdate,0);
INSERT INTO og_sys_perm_module VALUES (1423635643371622400,1418028920103505920,'已办任务',1,8,1507731603751702528,sysdate,1507731603751702528,sysdate,0);
COMMIT;

-- ----------------------------
-- 全部权限资源数据
-- ----------------------------
INSERT INTO og_sys_perm VALUES(1507731604804472832,1507731604762529792,'新增','/admin/upms/sysDept/add',1,1507731603751702528,sysdate,1507731603751702528,sysdate,0);
INSERT INTO og_sys_perm VALUES(1507731604804472841,1507731604762529792,'编辑','/admin/upms/sysDept/update',2,1507731603751702528,sysdate,1507731603751702528,sysdate,0);
INSERT INTO og_sys_perm VALUES(1507731604804472851,1507731604762529792,'删除','/admin/upms/sysDept/delete',3,1507731603751702528,sysdate,1507731603751702528,sysdate,0);
INSERT INTO og_sys_perm VALUES(1507731604804472853,1507731604762529792,'导入','/admin/upms/sysDept/import',4,1507731603751702528,sysdate,1507731603751702528,sysdate,0);
INSERT INTO og_sys_perm VALUES(1507731604804472854,1507731604762529792,'批量删除','/admin/upms/sysDept/deleteBatch',5,1507731603751702528,sysdate,1507731603751702528,sysdate,0);
INSERT INTO og_sys_perm VALUES(1507731604829638656,1507731604762529792,'显示列表','/admin/upms/sysDept/list',6,1507731603751702528,sysdate,1507731603751702528,sysdate,0);
INSERT INTO og_sys_perm VALUES(1507731604829638659,1507731604762529792,'导出','/admin/upms/sysDept/export',7,1507731603751702528,sysdate,1507731603751702528,sysdate,0);
INSERT INTO og_sys_perm VALUES(1507731604829638662,1507731604762529792,'详情','/admin/upms/sysDept/view',8,1507731603751702528,sysdate,1507731603751702528,sysdate,0);
INSERT INTO og_sys_perm VALUES(1507731604829638664,1507731604762529792,'打印','/admin/upms/sysDept/print',9,1507731603751702528,sysdate,1507731603751702528,sysdate,0);
INSERT INTO og_sys_perm VALUES(1507762778943787018,1507731604762529792,'新增部门岗位','/admin/upms/sysDept/addSysDeptPost',10,1507731603751702528,sysdate,1507731603751702528,sysdate,0);
INSERT INTO og_sys_perm VALUES(1507762778943787019,1507731604762529792,'编辑部门岗位','/admin/upms/sysDept/updateSysDeptPost',11,1507731603751702528,sysdate,1507731603751702528,sysdate,0);
INSERT INTO og_sys_perm VALUES(1507762778943787020,1507731604762529792,'移除部门岗位','/admin/upms/sysDept/deleteSysDeptPost',12,1507731603751702528,sysdate,1507731603751702528,sysdate,0);
INSERT INTO og_sys_perm VALUES(1507762778943787021,1507731604762529792,'列表显示部门岗位','/admin/upms/sysDept/listSysDeptPost',13,1507731603751702528,sysdate,1507731603751702528,sysdate,0);
INSERT INTO og_sys_perm VALUES(1507762778943787022,1507731604762529792,'列表显示未关联部门岗位','/admin/upms/sysDept/listNotInSysDeptPost',14,1507731603751702528,sysdate,1507731603751702528,sysdate,0);
INSERT INTO og_sys_perm VALUES(1507762778943787023,1507731604762529792,'详情显示部门岗位','/admin/upms/sysDept/viewSysDeptPost',15,1507731603751702528,sysdate,1507731603751702528,sysdate,0);
INSERT INTO og_sys_perm VALUES(1507731604670255104,1507731604565397504,'新增','/admin/upms/sysUser/add',1,1507731603751702528,sysdate,1507731603751702528,sysdate,0);
INSERT INTO og_sys_perm VALUES(1507731604670255117,1507731604565397504,'编辑','/admin/upms/sysUser/update',2,1507731603751702528,sysdate,1507731603751702528,sysdate,0);
INSERT INTO og_sys_perm VALUES(1507731604670255131,1507731604565397504,'删除','/admin/upms/sysUser/delete',3,1507731603751702528,sysdate,1507731603751702528,sysdate,0);
INSERT INTO og_sys_perm VALUES(1507731604670255133,1507731604565397504,'导入','/admin/upms/sysUser/import',4,1507731603751702528,sysdate,1507731603751702528,sysdate,0);
INSERT INTO og_sys_perm VALUES(1507731604670255134,1507731604565397504,'批量删除','/admin/upms/sysUser/deleteBatch',5,1507731603751702528,sysdate,1507731603751702528,sysdate,0);
INSERT INTO og_sys_perm VALUES(1507731604724781056,1507731604565397504,'显示列表','/admin/upms/sysUser/list',6,1507731603751702528,sysdate,1507731603751702528,sysdate,0);
INSERT INTO og_sys_perm VALUES(1507731604724781062,1507731604565397504,'导出','/admin/upms/sysUser/export',7,1507731603751702528,sysdate,1507731603751702528,sysdate,0);
INSERT INTO og_sys_perm VALUES(1507731604724781068,1507731604565397504,'详情','/admin/upms/sysUser/view',8,1507731603751702528,sysdate,1507731603751702528,sysdate,0);
INSERT INTO og_sys_perm VALUES(1507731604724781070,1507731604565397504,'打印','/admin/upms/sysUser/print',9,1507731603751702528,sysdate,1507731603751702528,sysdate,0);
INSERT INTO og_sys_perm VALUES(1507731604745752576,1507731604565397504,'重置密码','/admin/upms/sysUser/resetPassword',10,1507731603751702528,sysdate,1507731603751702528,sysdate,0);
INSERT INTO og_sys_perm VALUES(1507731604003360783,1507731604565397504,'用户管理文件上传','/admin/upms/sysUser/upload',11,1507731603751702528,sysdate,1507731603751702528,sysdate,0);
INSERT INTO og_sys_perm VALUES(1507731604003360782,1507731604565397504,'用户管理文件下载','/admin/upms/sysUser/download',12,1507731603751702528,sysdate,1507731603751702528,sysdate,0);
INSERT INTO og_sys_perm VALUES(1507732512867094551,1507731604565397504,'用户权限资源分配详情','/admin/upms/sysUser/listSysPermWithDetail',13,1507731603751702528,sysdate,1507731603751702528,sysdate,0);
INSERT INTO og_sys_perm VALUES(1507732512867094552,1507731604565397504,'用户权限字分配详情','/admin/upms/sysUser/listSysPermCodeWithDetail',14,1507731603751702528,sysdate,1507731603751702528,sysdate,0);
INSERT INTO og_sys_perm VALUES(1507732512867094553,1507731604565397504,'用户菜单分配详情','/admin/upms/sysUser/listSysMenuWithDetail',15,1507731603751702528,sysdate,1507731603751702528,sysdate,0);
INSERT INTO og_sys_perm VALUES(1507732512867094555,1507732512867094554,'新增','/admin/upms/sysRole/add',1,1507731603751702528,sysdate,1507731603751702528,sysdate,0);
INSERT INTO og_sys_perm VALUES(1507732512867094556,1507732512867094554,'编辑','/admin/upms/sysRole/update',2,1507731603751702528,sysdate,1507731603751702528,sysdate,0);
INSERT INTO og_sys_perm VALUES(1507732512867094557,1507732512867094554,'删除','/admin/upms/sysRole/delete',3,1507731603751702528,sysdate,1507731603751702528,sysdate,0);
INSERT INTO og_sys_perm VALUES(1507732512867094558,1507732512867094554,'显示列表','/admin/upms/sysRole/list',4,1507731603751702528,sysdate,1507731603751702528,sysdate,0);
INSERT INTO og_sys_perm VALUES(1507732512867094559,1507732512867094554,'详情','/admin/upms/sysRole/view',5,1507731603751702528,sysdate,1507731603751702528,sysdate,0);
INSERT INTO og_sys_perm VALUES(1507732512867094560,1507732512867094554,'授权用户','/admin/upms/sysRole/addUserRole',6,1507731603751702528,sysdate,1507731603751702528,sysdate,0);
INSERT INTO og_sys_perm VALUES(1507732512867094561,1507732512867094554,'移除用户','/admin/upms/sysRole/deleteUserRole',7,1507731603751702528,sysdate,1507731603751702528,sysdate,0);
INSERT INTO og_sys_perm VALUES(1507732512867094562,1507732512867094554,'角色用户列表','/admin/upms/sysRole/listUserRole',8,1507731603751702528,sysdate,1507731603751702528,sysdate,0);
INSERT INTO og_sys_perm VALUES(1507732512867094563,1507732512867094554,'角色未添加用户列表','/admin/upms/sysRole/listNotInUserRole',9,1507731603751702528,sysdate,1507731603751702528,sysdate,0);
INSERT INTO og_sys_perm VALUES(1507732512867094564,1507732512867094554,'角色权限资源分配详情','/admin/upms/sysRole/listSysPermWithDetail',10,1507731603751702528,sysdate,1507731603751702528,sysdate,0);
INSERT INTO og_sys_perm VALUES(1507732512867094565,1507732512867094554,'角色权限字分配详情','/admin/upms/sysRole/listSysPermCodeWithDetail',11,1507731603751702528,sysdate,1507731603751702528,sysdate,0);
INSERT INTO og_sys_perm VALUES(1507763161065852973,1507763161065852972,'新增','/admin/upms/sysDataPerm/add',1,1507731603751702528,sysdate,1507731603751702528,sysdate,0);
INSERT INTO og_sys_perm VALUES(1507763161065852974,1507763161065852972,'编辑','/admin/upms/sysDataPerm/update',2,1507731603751702528,sysdate,1507731603751702528,sysdate,0);
INSERT INTO og_sys_perm VALUES(1507763161065852975,1507763161065852972,'删除','/admin/upms/sysDataPerm/delete',3,1507731603751702528,sysdate,1507731603751702528,sysdate,0);
INSERT INTO og_sys_perm VALUES(1507763161065852976,1507763161065852972,'显示列表','/admin/upms/sysDataPerm/list',4,1507731603751702528,sysdate,1507731603751702528,sysdate,0);
INSERT INTO og_sys_perm VALUES(1507763161065852977,1507763161065852972,'详情','/admin/upms/sysDataPerm/view',5,1507731603751702528,sysdate,1507731603751702528,sysdate,0);
INSERT INTO og_sys_perm VALUES(1507763161065852978,1507763161065852972,'授权用户','/admin/upms/sysDataPerm/addDataPermUser',5,1507731603751702528,sysdate,1507731603751702528,sysdate,0);
INSERT INTO og_sys_perm VALUES(1507763161065852979,1507763161065852972,'移除用户','/admin/upms/sysDataPerm/deleteDataPermUser',6,1507731603751702528,sysdate,1507731603751702528,sysdate,0);
INSERT INTO og_sys_perm VALUES(1507763161065852980,1507763161065852972,'数据权限用户列表','/admin/upms/sysDataPerm/listDataPermUser',7,1507731603751702528,sysdate,1507731603751702528,sysdate,0);
INSERT INTO og_sys_perm VALUES(1507763161065852981,1507763161065852972,'数据权限未添加用户列表','/admin/upms/sysDataPerm/listNotInDataPermUser',8,1507731603751702528,sysdate,1507731603751702528,sysdate,0);
INSERT INTO og_sys_perm VALUES(1507762778943787053,1507762778943787052,'新增','/admin/upms/sysPost/add',1,1507731603751702528,sysdate,1507731603751702528,sysdate,0);
INSERT INTO og_sys_perm VALUES(1507762778943787054,1507762778943787052,'编辑','/admin/upms/sysPost/update',2,1507731603751702528,sysdate,1507731603751702528,sysdate,0);
INSERT INTO og_sys_perm VALUES(1507762778943787055,1507762778943787052,'删除','/admin/upms/sysPost/delete',3,1507731603751702528,sysdate,1507731603751702528,sysdate,0);
INSERT INTO og_sys_perm VALUES(1507762778943787056,1507762778943787052,'显示列表','/admin/upms/sysPost/list',4,1507731603751702528,sysdate,1507731603751702528,sysdate,0);
INSERT INTO og_sys_perm VALUES(1507762778943787057,1507762778943787052,'详情','/admin/upms/sysPost/view',5,1507731603751702528,sysdate,1507731603751702528,sysdate,0);
INSERT INTO og_sys_perm VALUES(1507732512867094567,1507732512867094566,'新增','/admin/upms/sysMenu/add',1,1507731603751702528,sysdate,1507731603751702528,sysdate,0);
INSERT INTO og_sys_perm VALUES(1507732512867094568,1507732512867094566,'删除','/admin/upms/sysMenu/delete',2,1507731603751702528,sysdate,1507731603751702528,sysdate,0);
INSERT INTO og_sys_perm VALUES(1507732512867094569,1507732512867094566,'编辑','/admin/upms/sysMenu/update',3,1507731603751702528,sysdate,1507731603751702528,sysdate,0);
INSERT INTO og_sys_perm VALUES(1507732512867094570,1507732512867094566,'显示列表','/admin/upms/sysMenu/list',4,1507731603751702528,sysdate,1507731603751702528,sysdate,0);
INSERT INTO og_sys_perm VALUES(1507732512867094571,1507732512867094566,'详情','/admin/upms/sysMenu/view',5,1507731603751702528,sysdate,1507731603751702528,sysdate,0);
INSERT INTO og_sys_perm VALUES(1507732512867094572,1507732512867094566,'菜单权限资源分配详情','/admin/upms/sysMenu/listSysPermWithDetail',6,1507731603751702528,sysdate,1507731603751702528,sysdate,0);
INSERT INTO og_sys_perm VALUES(1507732512867094573,1507732512867094566,'菜单用户分配详情','/admin/upms/sysMenu/listSysUserWithDetail',7,1507731603751702528,sysdate,1507731603751702528,sysdate,0);
INSERT INTO og_sys_perm VALUES(1507732512867094575,1507732512867094574,'新增','/admin/upms/sysPermCode/add',1,1507731603751702528,sysdate,1507731603751702528,sysdate,0);
INSERT INTO og_sys_perm VALUES(1507732512867094576,1507732512867094574,'编辑','/admin/upms/sysPermCode/update',2,1507731603751702528,sysdate,1507731603751702528,sysdate,0);
INSERT INTO og_sys_perm VALUES(1507732512867094577,1507732512867094574,'删除','/admin/upms/sysPermCode/delete',3,1507731603751702528,sysdate,1507731603751702528,sysdate,0);
INSERT INTO og_sys_perm VALUES(1507732512867094578,1507732512867094574,'显示列表','/admin/upms/sysPermCode/list',4,1507731603751702528,sysdate,1507731603751702528,sysdate,0);
INSERT INTO og_sys_perm VALUES(1507732512867094579,1507732512867094574,'详情','/admin/upms/sysPermCode/view',5,1507731603751702528,sysdate,1507731603751702528,sysdate,0);
INSERT INTO og_sys_perm VALUES(1507732512867094580,1507732512867094574,'权限字用户分配详情','/admin/upms/sysPermCode/listSysUserWithDetail',6,1507731603751702528,sysdate,1507731603751702528,sysdate,0);
INSERT INTO og_sys_perm VALUES(1507732512867094581,1507732512867094574,'权限字角色分配详情','/admin/upms/sysPermCode/listSysRoleWithDetail',7,1507731603751702528,sysdate,1507731603751702528,sysdate,0);
INSERT INTO og_sys_perm VALUES(1507732512867094583,1507732512867094582,'新增','/admin/upms/sysPermModule/add',1,1507731603751702528,sysdate,1507731603751702528,sysdate,0);
INSERT INTO og_sys_perm VALUES(1507732512867094584,1507732512867094582,'编辑','/admin/upms/sysPermModule/update',2,1507731603751702528,sysdate,1507731603751702528,sysdate,0);
INSERT INTO og_sys_perm VALUES(1507732512867094585,1507732512867094582,'删除','/admin/upms/sysPermModule/delete',3,1507731603751702528,sysdate,1507731603751702528,sysdate,0);
INSERT INTO og_sys_perm VALUES(1507732512867094586,1507732512867094582,'显示列表','/admin/upms/sysPermModule/list',4,1507731603751702528,sysdate,1507731603751702528,sysdate,0);
INSERT INTO og_sys_perm VALUES(1507732512867094587,1507732512867094582,'显示全部','/admin/upms/sysPermModule/listAll',5,1507731603751702528,sysdate,1507731603751702528,sysdate,0);
INSERT INTO og_sys_perm VALUES(1507732512867094589,1507732512867094588,'新增','/admin/upms/sysPerm/add',1,1507731603751702528,sysdate,1507731603751702528,sysdate,0);
INSERT INTO og_sys_perm VALUES(1507732512867094590,1507732512867094588,'编辑','/admin/upms/sysPerm/update',2,1507731603751702528,sysdate,1507731603751702528,sysdate,0);
INSERT INTO og_sys_perm VALUES(1507732512867094591,1507732512867094588,'删除','/admin/upms/sysPerm/delete',3,1507731603751702528,sysdate,1507731603751702528,sysdate,0);
INSERT INTO og_sys_perm VALUES(1507732512867094592,1507732512867094588,'显示列表','/admin/upms/sysPerm/list',4,1507731603751702528,sysdate,1507731603751702528,sysdate,0);
INSERT INTO og_sys_perm VALUES(1507732512867094593,1507732512867094588,'详情','/admin/upms/sysPerm/view',5,1507731603751702528,sysdate,1507731603751702528,sysdate,0);
INSERT INTO og_sys_perm VALUES(1507732512867094594,1507732512867094588,'权限资源用户分配详情','/admin/upms/sysPerm/listSysUserWithDetail',6,1507731603751702528,sysdate,1507731603751702528,sysdate,0);
INSERT INTO og_sys_perm VALUES(1507732512867094595,1507732512867094588,'权限资源角色分配详情','/admin/upms/sysPerm/listSysRoleWithDetail',7,1507731603751702528,sysdate,1507731603751702528,sysdate,0);
INSERT INTO og_sys_perm VALUES(1507732512867094596,1507732512867094588,'权限资源菜单分配详情','/admin/upms/sysPerm/listSysMenuWithDetail',8,1507731603751702528,sysdate,1507731603751702528,sysdate,0);
INSERT INTO og_sys_perm VALUES(1507732512867094599,1507732512867094598,'显示列表','/admin/upms/sysOperationLog/list',1,1507731603751702528,sysdate,1507731603751702528,sysdate,0);
INSERT INTO og_sys_perm VALUES(1507732512867094601,1507732512867094600,'显示列表','/admin/upms/loginUser/list',1,1507731603751702528,sysdate,1507731603751702528,sysdate,0);
INSERT INTO og_sys_perm VALUES(1507732512867094602,1507732512867094600,'删除','/admin/upms/loginUser/delete',1,1507731603751702528,sysdate,1507731603751702528,sysdate,0);

-- ----------------------------
-- 以下记录用于在线表单，这里的注释，是为了便于老用户进行手动数据补偿。
-- ----------------------------

INSERT INTO og_sys_perm VALUES (1400637970863624192,1400626463740268544,'渲染信息','/admin/online/onlineForm/render',6,1507731603751702528,sysdate,1507731603751702528,sysdate,0);
INSERT INTO og_sys_perm VALUES (1400637895328403456,1400626463740268544,'删除','/admin/online/onlineForm/delete',5,1507731603751702528,sysdate,1507731603751702528,sysdate,0);
INSERT INTO og_sys_perm VALUES (1400637858414333952,1400626463740268544,'编辑','/admin/online/onlineForm/update',4,1507731603751702528,sysdate,1507731603751702528,sysdate,0);
INSERT INTO og_sys_perm VALUES (1400637822737584128,1400626463740268544,'新增','/admin/online/onlineForm/add',3,1507731603751702528,sysdate,1507731603751702528,sysdate,0);
INSERT INTO og_sys_perm VALUES (1400637775962705920,1400626463740268544,'详情','/admin/online/onlineForm/view',2,1507731603751702528,sysdate,1507731603751702528,sysdate,0);
INSERT INTO og_sys_perm VALUES (1400637740705386496,1400626463740268544,'显示列表','/admin/online/onlineForm/list',1,1507731603751702528,sysdate,1507731603751702528,sysdate,0);
INSERT INTO og_sys_perm VALUES (1400636656679129088,1400626237478539264,'删除','/admin/online/onlineDatasourceRelation/delete',5,1507731603751702528,sysdate,1507731603751702528,sysdate,0);
INSERT INTO og_sys_perm VALUES (1400636610403373056,1400626237478539264,'编辑','/admin/online/onlineDatasourceRelation/update',4,1507731603751702528,sysdate,1507731603751702528,sysdate,0);
INSERT INTO og_sys_perm VALUES (1400636571165659136,1400626237478539264,'新增','/admin/online/onlineDatasourceRelation/add',3,1507731603751702528,sysdate,1507731603751702528,sysdate,0);
INSERT INTO og_sys_perm VALUES (1400636535371468800,1400626237478539264,'详情','/admin/online/onlineDatasourceRelation/view',2,1507731603751702528,sysdate,1507731603751702528,sysdate,0);
INSERT INTO og_sys_perm VALUES (1400636501900922880,1400626237478539264,'显示列表','/admin/online/onlineDatasourceRelation/list',1,1507731603751702528,sysdate,1507731603751702528,sysdate,0);
INSERT INTO og_sys_perm VALUES (1400636338838966272,1400626192725315584,'删除','/admin/online/onlineDatasource/delete',5,1507731603751702528,sysdate,1507731603751702528,sysdate,0);
INSERT INTO og_sys_perm VALUES (1400636301480300544,1400626192725315584,'编辑','/admin/online/onlineDatasource/update',4,1507731603751702528,sysdate,1507731603751702528,sysdate,0);
INSERT INTO og_sys_perm VALUES (1400636258107002880,1400626192725315584,'新增','/admin/online/onlineDatasource/add',3,1507731603751702528,sysdate,1507731603751702528,sysdate,0);
INSERT INTO og_sys_perm VALUES (1400636217728438272,1400626192725315584,'详情','/admin/online/onlineDatasource/view',2,1507731603751702528,sysdate,1507731603751702528,sysdate,0);
INSERT INTO og_sys_perm VALUES (1400636182936686592,1400626192725315584,'显示列表','/admin/online/onlineDatasource/list',1,1507731603751702528,sysdate,1507731603751702528,sysdate,0);
INSERT INTO og_sys_perm VALUES (1400636031752998912,1400625338886656000,'页面数据源详情','/admin/online/onlinePage/viewOnlinePageDatasource',13,1507731603751702528,sysdate,1507731603751702528,sysdate,0);
INSERT INTO og_sys_perm VALUES (1400635963469729792,1400625338886656000,'编辑页面数据源','/admin/online/onlinePage/updateOnlinePageDatasource',12,1507731603751702528,sysdate,1507731603751702528,sysdate,0);
INSERT INTO og_sys_perm VALUES (1400635896461529088,1400625338886656000,'删除页面数据源','/admin/online/onlinePage/deleteOnlinePageDatasource',11,1507731603751702528,sysdate,1507731603751702528,sysdate,0);
INSERT INTO og_sys_perm VALUES (1400635827347787776,1400625338886656000,'添加页面数据源','/admin/online/onlinePage/addOnlinePageDatasource',10,1507731603751702528,sysdate,1507731603751702528,sysdate,0);
INSERT INTO og_sys_perm VALUES (1400635757332271104,1400625338886656000,'未使用页面数据源列表','/admin/online/onlinePage/listNotInOnlinePageDatasource',9,1507731603751702528,sysdate,1507731603751702528,sysdate,0);
INSERT INTO og_sys_perm VALUES (1400635661106548736,1400625338886656000,'页面数据源列表','/admin/online/onlinePage/listOnlinePageDatasource',8,1507731603751702528,sysdate,1507731603751702528,sysdate,0);
INSERT INTO og_sys_perm VALUES (1400635581532213248,1400625338886656000,'删除','/admin/online/onlinePage/delete',7,1507731603751702528,sysdate,1507731603751702528,sysdate,0);
INSERT INTO og_sys_perm VALUES (1400635527698321408,1400625338886656000,'更新启用状态','/admin/online/onlinePage/updatePublished',6,1507731603751702528,sysdate,1507731603751702528,sysdate,0);
INSERT INTO og_sys_perm VALUES (1400635426808532992,1400625338886656000,'编辑','/admin/online/onlinePage/update',5,1507731603751702528,sysdate,1507731603751702528,sysdate,0);
INSERT INTO og_sys_perm VALUES (1400635378506928128,1400625338886656000,'新增','/admin/online/onlinePage/add',4,1507731603751702528,sysdate,1507731603751702528,sysdate,0);
INSERT INTO og_sys_perm VALUES (1400635341274091520,1400625338886656000,'详情','/admin/online/onlinePage/view',3,1507731603751702528,sysdate,1507731603751702528,sysdate,0);
INSERT INTO og_sys_perm VALUES (1400635267726970880,1400625338886656000,'页面以及表单列表','/admin/online/onlinePage/listAllPageAndForm',2,1507731603751702528,sysdate,1507731603751702528,sysdate,0);
INSERT INTO og_sys_perm VALUES (1400635131969933312,1400625338886656000,'显示列表','/admin/online/onlinePage/list',1,1507731603751702528,sysdate,1507731603751702528,sysdate,0);
INSERT INTO og_sys_perm VALUES (1400634735549485056,1400626018774945792,'删除','/admin/online/onlineRule/delete',5,1507731603751702528,sysdate,1507731603751702528,sysdate,0);
INSERT INTO og_sys_perm VALUES (1400634693472227328,1400626018774945792,'编辑','/admin/online/onlineRule/update',4,1507731603751702528,sysdate,1507731603751702528,sysdate,0);
INSERT INTO og_sys_perm VALUES (1400634651944423424,1400626018774945792,'新增','/admin/online/onlineRule/add',3,1507731603751702528,sysdate,1507731603751702528,sysdate,0);
INSERT INTO og_sys_perm VALUES (1400634613151305728,1400626018774945792,'详情','/admin/online/onlineRule/view',2,1507731603751702528,sysdate,1507731603751702528,sysdate,0);
INSERT INTO og_sys_perm VALUES (1400634559896227840,1400626018774945792,'显示列表','/admin/online/onlineRule/list',1,1507731603751702528,sysdate,1507731603751702528,sysdate,0);
INSERT INTO og_sys_perm VALUES (1400634354593435648,1400625906245963776,'字段验证规则详情','/admin/online/onlineColumn/viewOnlineColumnRule',12,1507731603751702528,sysdate,1507731603751702528,sysdate,0);
INSERT INTO og_sys_perm VALUES (1400634280308117504,1400625906245963776,'编辑字段验证规则','/admin/online/onlineColumn/updateOnlineColumnRule',11,1507731603751702528,sysdate,1507731603751702528,sysdate,0);
INSERT INTO og_sys_perm VALUES (1400634100498305024,1400625906245963776,'删除字段验证规则','/admin/online/onlineColumn/deleteOnlineColumnRule',10,1507731603751702528,sysdate,1507731603751702528,sysdate,0);
INSERT INTO og_sys_perm VALUES (1400634012745076736,1400625906245963776,'添加字段验证规则','/admin/online/onlineColumn/addOnlineColumnRule',9,1507731603751702528,sysdate,1507731603751702528,sysdate,0);
INSERT INTO og_sys_perm VALUES (1400633922085195776,1400625906245963776,'未使用字段验证规则列表','/admin/online/onlineColumn/listNotInOnlineColumnRule',8,1507731603751702528,sysdate,1507731603751702528,sysdate,0);
INSERT INTO og_sys_perm VALUES (1400633798403559424,1400625906245963776,'字段验证规则列表','/admin/online/onlineColumn/listOnlineColumnRule',7,1507731603751702528,sysdate,1507731603751702528,sysdate,0);
INSERT INTO og_sys_perm VALUES (1400633713376628736,1400625906245963776,'刷新字段','/admin/online/onlineColumn/refresh',6,1507731603751702528,sysdate,1507731603751702528,sysdate,0);
INSERT INTO og_sys_perm VALUES (1400633612201627648,1400625906245963776,'删除','/admin/online/onlineColumn/delete',5,1507731603751702528,sysdate,1507731603751702528,sysdate,0);
INSERT INTO og_sys_perm VALUES (1400633568027217920,1400625906245963776,'编辑','/admin/online/onlineColumn/update',4,1507731603751702528,sysdate,1507731603751702528,sysdate,0);
INSERT INTO og_sys_perm VALUES (1400633529678696448,1400625906245963776,'新增','/admin/online/onlineColumn/add',3,1507731603751702528,sysdate,1507731603751702528,sysdate,0);
INSERT INTO og_sys_perm VALUES (1400633437093629952,1400625906245963776,'详情','/admin/online/onlineColumn/view',2,1507731603751702528,sysdate,1507731603751702528,sysdate,0);
INSERT INTO og_sys_perm VALUES (1400633375525441536,1400625906245963776,'显示列表','/admin/online/onlineColumn/list',1,1507731603751702528,sysdate,1507731603751702528,sysdate,0);
INSERT INTO og_sys_perm VALUES (1400633129688895488,1400625800033603584,'删除','/admin/online/onlineTable/delete',5,1507731603751702528,sysdate,1507731603751702528,sysdate,0);
INSERT INTO og_sys_perm VALUES (1400633077717274624,1400625800033603584,'编辑','/admin/online/onlineTable/update',4,1507731603751702528,sysdate,1507731603751702528,sysdate,0);
INSERT INTO og_sys_perm VALUES (1400633026181861376,1400625800033603584,'新增','/admin/online/onlineTable/add',3,1507731603751702528,sysdate,1507731603751702528,sysdate,0);
INSERT INTO og_sys_perm VALUES (1400632978937221120,1400625800033603584,'详情','/admin/online/onlineTable/view',2,1507731603751702528,sysdate,1507731603751702528,sysdate,0);
INSERT INTO og_sys_perm VALUES (1400632924021198848,1400625800033603584,'显示列表','/admin/online/onlineTable/list',1,1507731603751702528,sysdate,1507731603751702528,sysdate,0);
INSERT INTO og_sys_perm VALUES (1400632511620452352,1400625585851469824,'删除','/admin/online/onlineDict/delete',5,1507731603751702528,sysdate,1507731603751702528,sysdate,0);
INSERT INTO og_sys_perm VALUES (1400632438635368448,1400625585851469824,'编辑','/admin/online/onlineDict/update',4,1507731603751702528,sysdate,1507731603751702528,sysdate,0);
INSERT INTO og_sys_perm VALUES (1400632326538399744,1400625585851469824,'新增','/admin/online/onlineDict/add',3,1507731603751702528,sysdate,1507731603751702528,sysdate,0);
INSERT INTO og_sys_perm VALUES (1400632216169484288,1400625585851469824,'详情','/admin/online/onlineDict/view',2,1507731603751702528,sysdate,1507731603751702528,sysdate,0);
INSERT INTO og_sys_perm VALUES (1400632108514283520,1400625585851469824,'显示列表','/admin/online/onlineDict/list',1,1507731603751702528,sysdate,1507731603751702528,sysdate,0);
INSERT INTO og_sys_perm VALUES (1400627109692444672,1400625224646397952,'数据表字段列表','/admin/online/onlineDblink/listDblinkTableColumns',3,1507731603751702528,sysdate,1507731603751702528,sysdate,0);
INSERT INTO og_sys_perm VALUES (1400626963806162944,1400625224646397952,'数据表列表','/admin/online/onlineDblink/listDblinkTables',2,1507731603751702528,sysdate,1507731603751702528,sysdate,0);
INSERT INTO og_sys_perm VALUES (1400626748101496832,1400625224646397952,'显示列表','/admin/online/onlineDblink/list',1,1507731603751702528,sysdate,1507731603751702528,sysdate,0);
INSERT INTO og_sys_perm VALUES (1413405352866615296,1413404952566435840,'删除','/admin/online/onlineVirtualColumn/delete',5,1507731603751702528,sysdate,1507731603751702528,sysdate,0);
INSERT INTO og_sys_perm VALUES (1413405313788284928,1413404952566435840,'编辑','/admin/online/onlineVirtualColumn/update',4,1507731603751702528,sysdate,1507731603751702528,sysdate,0);
INSERT INTO og_sys_perm VALUES (1413405224021790720,1413404952566435840,'新增','/admin/online/onlineVirtualColumn/add',3,1507731603751702528,sysdate,1507731603751702528,sysdate,0);
INSERT INTO og_sys_perm VALUES (1413405166471745536,1413404952566435840,'详情','/admin/online/onlineVirtualColumn/view',2,1507731603751702528,sysdate,1507731603751702528,sysdate,0);
INSERT INTO og_sys_perm VALUES (1413405061278601216,1413404952566435840,'显示列表','/admin/online/onlineVirtualColumn/list',1,1507731603751702528,sysdate,1507731603751702528,sysdate,0);

-- ----------------------------
-- 以下记录用于工作流，这里的注释，是为了便于老用户进行手动数据补偿。
-- ----------------------------

INSERT INTO og_sys_perm VALUES (1418030338508066816,1418029566533832704,'显示列表','/admin/flow/flowCategory/list',1,1507731603751702528,sysdate,1507731603751702528,sysdate,0);
INSERT INTO og_sys_perm VALUES (1418030386436378624,1418029566533832704,'新增','/admin/flow/flowCategory/add',2,1507731603751702528,sysdate,1507731603751702528,sysdate,0);
INSERT INTO og_sys_perm VALUES (1418030437971791872,1418029566533832704,'编辑','/admin/flow/flowCategory/update',3,1507731603751702528,sysdate,1507731603751702528,sysdate,0);
INSERT INTO og_sys_perm VALUES (1418030477918343168,1418029566533832704,'删除','/admin/flow/flowCategory/delete',4,1507731603751702528,sysdate,1507731603751702528,sysdate,0);
INSERT INTO og_sys_perm VALUES (1418030533757112320,1418029566533832704,'详情','/admin/flow/flowCategory/view',5,1507731603751702528,sysdate,1507731603751702528,sysdate,0);
INSERT INTO og_sys_perm VALUES (1418031006660694016,1418029615040958464,'显示列表','/admin/flow/flowEntry/list',1,1507731603751702528,sysdate,1507731603751702528,sysdate,0);
INSERT INTO og_sys_perm VALUES (1418031078391681024,1418029615040958464,'新增','/admin/flow/flowEntry/add',2,1507731603751702528,sysdate,1507731603751702528,sysdate,0);
INSERT INTO og_sys_perm VALUES (1418031120481521664,1418029615040958464,'编辑','/admin/flow/flowEntry/update',3,1507731603751702528,sysdate,1507731603751702528,sysdate,0);
INSERT INTO og_sys_perm VALUES (1418031174604820480,1418029615040958464,'删除','/admin/flow/flowEntry/delete',4,1507731603751702528,sysdate,1507731603751702528,sysdate,0);
INSERT INTO og_sys_perm VALUES (1418031219706171392,1418029615040958464,'详情','/admin/flow/flowEntry/view',5,1507731603751702528,sysdate,1507731603751702528,sysdate,0);
INSERT INTO og_sys_perm VALUES (1418031304779239424,1418029615040958464,'发布','/admin/flow/flowEntry/publish',6,1507731603751702528,sysdate,1507731603751702528,sysdate,0);
INSERT INTO og_sys_perm VALUES (1418031515207471104,1418029615040958464,'流程版本列表','/admin/flow/flowEntry/listFlowEntryPublish',7,1507731603751702528,sysdate,1507731603751702528,sysdate,0);
INSERT INTO og_sys_perm VALUES (1418031648351457280,1418029615040958464,'设置主版本','/admin/flow/flowEntry/updateMainVersion',8,1507731603751702528,sysdate,1507731603751702528,sysdate,0);
INSERT INTO og_sys_perm VALUES (1418031712788549632,1418029615040958464,'挂起','/admin/flow/flowEntry/suspendFlowEntryPublish',9,1507731603751702528,sysdate,1507731603751702528,sysdate,0);
INSERT INTO og_sys_perm VALUES (1418031801271586816,1418029615040958464,'激活','/admin/flow/flowEntry/activateFlowEntryPublish',10,1507731603751702528,sysdate,1507731603751702528,sysdate,0);
INSERT INTO og_sys_perm VALUES (1418032222232907776,1418031999276290048,'显示列表','/admin/flow/flowEntryVariable/list',1,1507731603751702528,sysdate,1507731603751702528,sysdate,0);
INSERT INTO og_sys_perm VALUES (1418032258429751296,1418031999276290048,'新增','/admin/flow/flowEntryVariable/add',2,1507731603751702528,sysdate,1507731603751702528,sysdate,0);
INSERT INTO og_sys_perm VALUES (1418032300414734336,1418031999276290048,'编辑','/admin/flow/flowEntryVariable/update',3,1507731603751702528,sysdate,1507731603751702528,sysdate,0);
INSERT INTO og_sys_perm VALUES (1418032344064856064,1418031999276290048,'删除','/admin/flow/flowEntryVariable/delete',4,1507731603751702528,sysdate,1507731603751702528,sysdate,0);
INSERT INTO og_sys_perm VALUES (1418032382409183232,1418031999276290048,'详情','/admin/flow/flowEntryVariable/view',5,1507731603751702528,sysdate,1507731603751702528,sysdate,0);
INSERT INTO og_sys_perm VALUES (1418033804987076608,1418030256765276160,'流程实例列表','/admin/flow/flowOperation/listAllHistoricProcessInstance',1,1507731603751702528,sysdate,1507731603751702528,sysdate,0);
INSERT INTO og_sys_perm VALUES (1418033889183535104,1418030256765276160,'我的历史流程','/admin/flow/flowOperation/listHistoricProcessInstance',2,1507731603751702528,sysdate,1507731603751702528,sysdate,0);
INSERT INTO og_sys_perm VALUES (1418034243434450944,1418030256765276160,'历史流程数据','/admin/flow/flowOnlineOperation/viewHistoricProcessInstance',3,1507731603751702528,sysdate,1507731603751702528,sysdate,0);
INSERT INTO og_sys_perm VALUES (1418035997727264768,1418030256765276160,'历史流程信息','/admin/flow/flowOperation/viewInitialHistoricTaskInfo',4,1507731603751702528,sysdate,1507731603751702528,sysdate,0);
INSERT INTO og_sys_perm VALUES (1418040510253109248,1418030256765276160,'终止流程','/admin/flow/flowOperation/stopProcessInstance',5,1507731603751702528,sysdate,1507731603751702528,sysdate,0);
INSERT INTO og_sys_perm VALUES (1418040574245605376,1418030256765276160,'删除流程','/admin/flow/flowOperation/deleteProcessInstance',6,1507731603751702528,sysdate,1507731603751702528,sysdate,0);
INSERT INTO og_sys_perm VALUES (1418051334564745216,1418051228918616064,'仅启动流程','/admin/flow/flowOperation/startOnly',1,1507731603751702528,sysdate,1507731603751702528,sysdate,0);
INSERT INTO og_sys_perm VALUES (1418051485324808192,1418051228918616064,'获取启动信息','/admin/flow/flowOperation/viewInitialTaskInfo',2,1507731603751702528,sysdate,1507731603751702528,sysdate,0);
INSERT INTO og_sys_perm VALUES (1418051693639110656,1418051634793025536,'流程审批','/admin/flow/flowOperation/viewRuntimeTaskInfo',1,1507731603751702528,sysdate,1507731603751702528,sysdate,0);
INSERT INTO og_sys_perm VALUES (1418054128097038336,1418051634793025536,'在办流程数据','/admin/flow/flowOnlineOperation/viewUserTask',2,1507731603751702528,sysdate,1507731603751702528,sysdate,0);
INSERT INTO og_sys_perm VALUES (1418054519798894592,1418054414190514176,'获取流程图','/admin/flow/flowOperation/viewProcessBpmn',1,1507731603751702528,sysdate,1507731603751702528,sysdate,0);
INSERT INTO og_sys_perm VALUES (1418054618176294912,1418054414190514176,'审批历史记录列表','/admin/flow/flowOperation/listFlowTaskComment',2,1507731603751702528,sysdate,1507731603751702528,sysdate,0);
INSERT INTO og_sys_perm VALUES (1418054792965525504,1418054414190514176,'流程审批状态','/admin/flow/flowOperation/viewHighlightFlowData',3,1507731603751702528,sysdate,1507731603751702528,sysdate,0);
INSERT INTO og_sys_perm VALUES (1418055060981551104,1418051634793025536,'提交审批数据','/admin/flow/flowOnlineOperation/submitUserTask',3,1507731603751702528,sysdate,1507731603751702528,sysdate,0);
INSERT INTO og_sys_perm VALUES (1418056212146032640,1418051634793025536,'待办任务列表','/admin/flow/flowOperation/listRuntimeTask',4,1507731603751702528,sysdate,1507731603751702528,sysdate,0);
INSERT INTO og_sys_perm VALUES (1418056212146032641,1418051634793025536,'待办任务数量','/admin/flow/flowOperation/countRuntimeTask',5,1507731603751702528,sysdate,1507731603751702528,sysdate,0);
INSERT INTO og_sys_perm VALUES (1418079603167072256,1418054414190514176,'文件上传','/admin/flow/flowOnlineOperation/upload',4,1507731603751702528,sysdate,1507731603751702528,sysdate,0);
INSERT INTO og_sys_perm VALUES (1418079670594703360,1418054414190514176,'文件下载','/admin/flow/flowOnlineOperation/download',5,1507731603751702528,sysdate,1507731603751702528,sysdate,0);
INSERT INTO og_sys_perm VALUES (1423635764486344704,1423635643371622400,'已办任务列表','/admin/flow/flowOperation/listHistoricTask',1,1507731603751702528,sysdate,1507731603751702528,sysdate,0);
INSERT INTO og_sys_perm VALUES (1423635851312631808,1423635643371622400,'已办任务信息','/admin/flow/flowOperation/viewHistoricTaskInfo',2,1507731603751702528,sysdate,1507731603751702528,sysdate,0);
INSERT INTO og_sys_perm VALUES (1423636091033882624,1423635643371622400,'加签','/admin/flow/flowOperation/submitConsign',3,1507731603751702528,sysdate,1507731603751702528,sysdate,0);
INSERT INTO og_sys_perm VALUES (1423984506028691456,1418030256765276160,'撤销工单','/admin/flow/flowOperation/cancelWorkOrder',7,1507731603751702528,sysdate,1507731603751702528,sysdate,0);
COMMIT;

-- ----------------------------
-- 全部权限字和权限资源关系数据
-- ----------------------------
INSERT INTO og_sys_perm_code_perm VALUES(1508678089008222208,1508675331551137792);
INSERT INTO og_sys_perm_code_perm VALUES(1508678694984486912,1508675331551137793);
INSERT INTO og_sys_perm_code_perm VALUES(1508720938437316608,1508675331538554897);
INSERT INTO og_sys_perm_code_perm VALUES(1508679100217167872,1508675098888900608);
INSERT INTO og_sys_perm_code_perm VALUES(1508679901459255296,1508675098888900609);
INSERT INTO og_sys_perm_code_perm VALUES(1508720823584690176,1508675098876317713);
INSERT INTO og_sys_perm_code_perm VALUES(1508680088474882048,1508675263448223744);
INSERT INTO og_sys_perm_code_perm VALUES(1508680196012642304,1508675263448223745);
INSERT INTO og_sys_perm_code_perm VALUES(1508720685881495552,1508675263435640849);
INSERT INTO og_sys_perm_code_perm VALUES(1508714667164307456,1508714500155510784);
INSERT INTO og_sys_perm_code_perm VALUES(1508714896462712832,1508714500155510785);
INSERT INTO og_sys_perm_code_perm VALUES(1508720603836715008,1508714500142927895);
INSERT INTO og_sys_perm_code_perm VALUES(1507732512867094612,1507731604724781056);
INSERT INTO og_sys_perm_code_perm VALUES(1507732512867094612,1507731604724781062);
INSERT INTO og_sys_perm_code_perm VALUES(1507732512867094613,1507731604670255104);
INSERT INTO og_sys_perm_code_perm VALUES(1507732512867094613,1507731604829638656);
INSERT INTO og_sys_perm_code_perm VALUES(1507732512867094613,1507763161065852976);
INSERT INTO og_sys_perm_code_perm VALUES(1507732512867094613,1507732512867094558);
INSERT INTO og_sys_perm_code_perm VALUES(1507732512867094614,1507731604724781068);
INSERT INTO og_sys_perm_code_perm VALUES(1507732512867094614,1507731604670255117);
INSERT INTO og_sys_perm_code_perm VALUES(1507732512867094614,1507731604724781070);
INSERT INTO og_sys_perm_code_perm VALUES(1507732512867094614,1507731604829638656);
INSERT INTO og_sys_perm_code_perm VALUES(1507732512867094614,1507763161065852976);
INSERT INTO og_sys_perm_code_perm VALUES(1507732512867094614,1507732512867094558);
INSERT INTO og_sys_perm_code_perm VALUES(1507732512867094615,1507731604670255131);
INSERT INTO og_sys_perm_code_perm VALUES(1507732512867094616,1507731604745752576);
INSERT INTO og_sys_perm_code_perm VALUES(1507732512867094617,1507732512867094553);
INSERT INTO og_sys_perm_code_perm VALUES(1507732512867094617,1507732512867094552);
INSERT INTO og_sys_perm_code_perm VALUES(1507732512867094617,1507732512867094551);
INSERT INTO og_sys_perm_code_perm VALUES(1507732512871288832,1507731604829638656);
INSERT INTO og_sys_perm_code_perm VALUES(1507732512871288832,1507731604829638659);
INSERT INTO og_sys_perm_code_perm VALUES(1507732512871288833,1507731604804472832);
INSERT INTO og_sys_perm_code_perm VALUES(1507732512871288834,1507731604829638662);
INSERT INTO og_sys_perm_code_perm VALUES(1507732512871288834,1507731604804472841);
INSERT INTO og_sys_perm_code_perm VALUES(1507732512871288834,1507731604829638664);
INSERT INTO og_sys_perm_code_perm VALUES(1507732512871288835,1507731604804472851);
INSERT INTO og_sys_perm_code_perm VALUES(1507762778943787122,1507762778943787018);
INSERT INTO og_sys_perm_code_perm VALUES(1507762778943787122,1507762778943787022);
INSERT INTO og_sys_perm_code_perm VALUES(1507762778943787122,1507762778943787019);
INSERT INTO og_sys_perm_code_perm VALUES(1507762778943787122,1507762778943787020);
INSERT INTO og_sys_perm_code_perm VALUES(1507762778943787122,1507762778943787021);
INSERT INTO og_sys_perm_code_perm VALUES(1507762778943787122,1507762778943787023);
INSERT INTO og_sys_perm_code_perm VALUES(1507762778943787123,1507762778943787021);
INSERT INTO og_sys_perm_code_perm VALUES(1507762778943787123,1507762778943787023);
INSERT INTO og_sys_perm_code_perm VALUES(1507732512875483140,1507732512867094558);
INSERT INTO og_sys_perm_code_perm VALUES(1507732512875483142,1507732512867094555);
INSERT INTO og_sys_perm_code_perm VALUES(1507732512875483142,1507732512867094570);
INSERT INTO og_sys_perm_code_perm VALUES(1507732512875483143,1507732512867094559);
INSERT INTO og_sys_perm_code_perm VALUES(1507732512875483143,1507732512867094556);
INSERT INTO og_sys_perm_code_perm VALUES(1507732512875483143,1507732512867094570);
INSERT INTO og_sys_perm_code_perm VALUES(1507732512875483145,1507732512867094565);
INSERT INTO og_sys_perm_code_perm VALUES(1507732512875483145,1507732512867094564);
INSERT INTO og_sys_perm_code_perm VALUES(1507732512875483144,1507732512867094557);
INSERT INTO og_sys_perm_code_perm VALUES(1507732512875483141,1507732512867094562);
INSERT INTO og_sys_perm_code_perm VALUES(1507732512875483146,1507732512867094560);
INSERT INTO og_sys_perm_code_perm VALUES(1507732512875483146,1507732512867094563);
INSERT INTO og_sys_perm_code_perm VALUES(1507732512875483147,1507732512867094561);
INSERT INTO og_sys_perm_code_perm VALUES(1507732512875483155,1507732512867094570);
INSERT INTO og_sys_perm_code_perm VALUES(1507732512875483156,1507732512867094567);
INSERT INTO og_sys_perm_code_perm VALUES(1507732512875483156,1507732512867094578);
INSERT INTO og_sys_perm_code_perm VALUES(1507732512875483157,1507732512867094571);
INSERT INTO og_sys_perm_code_perm VALUES(1507732512875483157,1507732512867094569);
INSERT INTO og_sys_perm_code_perm VALUES(1507732512875483157,1507732512867094578);
INSERT INTO og_sys_perm_code_perm VALUES(1507732512875483158,1507732512867094568);
INSERT INTO og_sys_perm_code_perm VALUES(1507732512875483159,1507732512867094572);
INSERT INTO og_sys_perm_code_perm VALUES(1507732512875483159,1507732512867094573);
INSERT INTO og_sys_perm_code_perm VALUES(1507732512875483167,1507732512867094578);
INSERT INTO og_sys_perm_code_perm VALUES(1507732512875483168,1507732512867094575);
INSERT INTO og_sys_perm_code_perm VALUES(1507732512875483168,1507732512867094587);
INSERT INTO og_sys_perm_code_perm VALUES(1507732512875483169,1507732512867094579);
INSERT INTO og_sys_perm_code_perm VALUES(1507732512875483169,1507732512867094576);
INSERT INTO og_sys_perm_code_perm VALUES(1507732512875483169,1507732512867094587);
INSERT INTO og_sys_perm_code_perm VALUES(1507732512875483170,1507732512867094577);
INSERT INTO og_sys_perm_code_perm VALUES(1507732512875483171,1507732512867094580);
INSERT INTO og_sys_perm_code_perm VALUES(1507732512875483171,1507732512867094581);
INSERT INTO og_sys_perm_code_perm VALUES(1507732512875483182,1507732512867094586);
INSERT INTO og_sys_perm_code_perm VALUES(1507732512875483182,1507732512867094587);
INSERT INTO og_sys_perm_code_perm VALUES(1507732512875483182,1507732512867094592);
INSERT INTO og_sys_perm_code_perm VALUES(1507732512875483183,1507732512867094583);
INSERT INTO og_sys_perm_code_perm VALUES(1507732512875483184,1507732512867094584);
INSERT INTO og_sys_perm_code_perm VALUES(1507732512875483185,1507732512867094585);
INSERT INTO og_sys_perm_code_perm VALUES(1507732512875483186,1507732512867094589);
INSERT INTO og_sys_perm_code_perm VALUES(1507732512875483187,1507732512867094593);
INSERT INTO og_sys_perm_code_perm VALUES(1507732512875483187,1507732512867094590);
INSERT INTO og_sys_perm_code_perm VALUES(1507732512875483188,1507732512867094591);
INSERT INTO og_sys_perm_code_perm VALUES(1507732512875483189,1507732512867094594);
INSERT INTO og_sys_perm_code_perm VALUES(1507732512875483189,1507732512867094595);
INSERT INTO og_sys_perm_code_perm VALUES(1507732512875483189,1507732512867094596);
INSERT INTO og_sys_perm_code_perm VALUES(1507732512875483205,1507732512867094599);
INSERT INTO og_sys_perm_code_perm VALUES(1507732512875483210,1507732512867094601);
INSERT INTO og_sys_perm_code_perm VALUES(1507732512875483211,1507732512867094602);
INSERT INTO og_sys_perm_code_perm VALUES(1507762778947981337,1507762778943787056);
INSERT INTO og_sys_perm_code_perm VALUES(1507762778947981338,1507762778943787053);
INSERT INTO og_sys_perm_code_perm VALUES(1507762778947981339,1507762778943787057);
INSERT INTO og_sys_perm_code_perm VALUES(1507762778947981339,1507762778943787054);
INSERT INTO og_sys_perm_code_perm VALUES(1507762778947981340,1507762778943787055);
INSERT INTO og_sys_perm_code_perm VALUES(1507763161065853160,1507763161065852976);
INSERT INTO og_sys_perm_code_perm VALUES(1507763161065853162,1507763161065852973);
INSERT INTO og_sys_perm_code_perm VALUES(1507763161065853163,1507763161065852977);
INSERT INTO og_sys_perm_code_perm VALUES(1507763161065853163,1507763161065852974);
INSERT INTO og_sys_perm_code_perm VALUES(1507763161065853164,1507763161065852975);
INSERT INTO og_sys_perm_code_perm VALUES(1507763161065853161,1507763161065852980);
INSERT INTO og_sys_perm_code_perm VALUES(1507763161065853165,1507763161065852978);
INSERT INTO og_sys_perm_code_perm VALUES(1507763161065853165,1507763161065852981);
INSERT INTO og_sys_perm_code_perm VALUES(1507763161065853166,1507763161065852979);

-- ----------------------------
-- 以下记录用于在线表单，这里的注释，是为了便于老用户进行手动数据补偿。
-- ----------------------------

INSERT INTO og_sys_perm_code_perm VALUES (1400638885750378496,1400626748101496832);
INSERT INTO og_sys_perm_code_perm VALUES (1400638885750378496,1400626963806162944);
INSERT INTO og_sys_perm_code_perm VALUES (1400638885750378496,1400627109692444672);
INSERT INTO og_sys_perm_code_perm VALUES (1400638885750378496,1400632108514283520);
INSERT INTO og_sys_perm_code_perm VALUES (1400638885750378496,1400632216169484288);
INSERT INTO og_sys_perm_code_perm VALUES (1400638885750378496,1400632326538399744);
INSERT INTO og_sys_perm_code_perm VALUES (1400638885750378496,1400632438635368448);
INSERT INTO og_sys_perm_code_perm VALUES (1400638885750378496,1400632511620452352);
INSERT INTO og_sys_perm_code_perm VALUES (1400639252747784192,1400626748101496832);
INSERT INTO og_sys_perm_code_perm VALUES (1400639252747784192,1400626963806162944);
INSERT INTO og_sys_perm_code_perm VALUES (1400639252747784192,1400627109692444672);
INSERT INTO og_sys_perm_code_perm VALUES (1400639252747784192,1400632108514283520);
INSERT INTO og_sys_perm_code_perm VALUES (1400639252747784192,1400632216169484288);
INSERT INTO og_sys_perm_code_perm VALUES (1400639252747784192,1400632924021198848);
INSERT INTO og_sys_perm_code_perm VALUES (1400639252747784192,1400632978937221120);
INSERT INTO og_sys_perm_code_perm VALUES (1400639252747784192,1400633026181861376);
INSERT INTO og_sys_perm_code_perm VALUES (1400639252747784192,1400633077717274624);
INSERT INTO og_sys_perm_code_perm VALUES (1400639252747784192,1400633129688895488);
INSERT INTO og_sys_perm_code_perm VALUES (1400639252747784192,1400633375525441536);
INSERT INTO og_sys_perm_code_perm VALUES (1400639252747784192,1400633437093629952);
INSERT INTO og_sys_perm_code_perm VALUES (1400639252747784192,1400633529678696448);
INSERT INTO og_sys_perm_code_perm VALUES (1400639252747784192,1400633568027217920);
INSERT INTO og_sys_perm_code_perm VALUES (1400639252747784192,1400633612201627648);
INSERT INTO og_sys_perm_code_perm VALUES (1400639252747784192,1400633713376628736);
INSERT INTO og_sys_perm_code_perm VALUES (1400639252747784192,1400633798403559424);
INSERT INTO og_sys_perm_code_perm VALUES (1400639252747784192,1400633922085195776);
INSERT INTO og_sys_perm_code_perm VALUES (1400639252747784192,1400634012745076736);
INSERT INTO og_sys_perm_code_perm VALUES (1400639252747784192,1400634100498305024);
INSERT INTO og_sys_perm_code_perm VALUES (1400639252747784192,1400634280308117504);
INSERT INTO og_sys_perm_code_perm VALUES (1400639252747784192,1400634354593435648);
INSERT INTO og_sys_perm_code_perm VALUES (1400639252747784192,1400634559896227840);
INSERT INTO og_sys_perm_code_perm VALUES (1400639252747784192,1400634613151305728);
INSERT INTO og_sys_perm_code_perm VALUES (1400639252747784192,1400634651944423424);
INSERT INTO og_sys_perm_code_perm VALUES (1400639252747784192,1400634693472227328);
INSERT INTO og_sys_perm_code_perm VALUES (1400639252747784192,1400634735549485056);
INSERT INTO og_sys_perm_code_perm VALUES (1400639252747784192,1400635131969933312);
INSERT INTO og_sys_perm_code_perm VALUES (1400639252747784192,1400635267726970880);
INSERT INTO og_sys_perm_code_perm VALUES (1400639252747784192,1400635341274091520);
INSERT INTO og_sys_perm_code_perm VALUES (1400639252747784192,1400635378506928128);
INSERT INTO og_sys_perm_code_perm VALUES (1400639252747784192,1400635426808532992);
INSERT INTO og_sys_perm_code_perm VALUES (1400639252747784192,1400635527698321408);
INSERT INTO og_sys_perm_code_perm VALUES (1400639252747784192,1400635581532213248);
INSERT INTO og_sys_perm_code_perm VALUES (1400639252747784192,1400635661106548736);
INSERT INTO og_sys_perm_code_perm VALUES (1400639252747784192,1400635757332271104);
INSERT INTO og_sys_perm_code_perm VALUES (1400639252747784192,1400635827347787776);
INSERT INTO og_sys_perm_code_perm VALUES (1400639252747784192,1400635896461529088);
INSERT INTO og_sys_perm_code_perm VALUES (1400639252747784192,1400635963469729792);
INSERT INTO og_sys_perm_code_perm VALUES (1400639252747784192,1400636031752998912);
INSERT INTO og_sys_perm_code_perm VALUES (1400639252747784192,1400636182936686592);
INSERT INTO og_sys_perm_code_perm VALUES (1400639252747784192,1400636217728438272);
INSERT INTO og_sys_perm_code_perm VALUES (1400639252747784192,1400636258107002880);
INSERT INTO og_sys_perm_code_perm VALUES (1400639252747784192,1400636301480300544);
INSERT INTO og_sys_perm_code_perm VALUES (1400639252747784192,1400636338838966272);
INSERT INTO og_sys_perm_code_perm VALUES (1400639252747784192,1400636501900922880);
INSERT INTO og_sys_perm_code_perm VALUES (1400639252747784192,1400636535371468800);
INSERT INTO og_sys_perm_code_perm VALUES (1400639252747784192,1400636571165659136);
INSERT INTO og_sys_perm_code_perm VALUES (1400639252747784192,1400636610403373056);
INSERT INTO og_sys_perm_code_perm VALUES (1400639252747784192,1400636656679129088);
INSERT INTO og_sys_perm_code_perm VALUES (1400639252747784192,1400637740705386496);
INSERT INTO og_sys_perm_code_perm VALUES (1400639252747784192,1400637775962705920);
INSERT INTO og_sys_perm_code_perm VALUES (1400639252747784192,1400637822737584128);
INSERT INTO og_sys_perm_code_perm VALUES (1400639252747784192,1400637858414333952);
INSERT INTO og_sys_perm_code_perm VALUES (1400639252747784192,1400637895328403456);
INSERT INTO og_sys_perm_code_perm VALUES (1400639252747784192,1400637970863624192);
INSERT INTO og_sys_perm_code_perm VALUES (1400639252747784192,1413405352866615296);
INSERT INTO og_sys_perm_code_perm VALUES (1400639252747784192,1413405313788284928);
INSERT INTO og_sys_perm_code_perm VALUES (1400639252747784192,1413405224021790720);
INSERT INTO og_sys_perm_code_perm VALUES (1400639252747784192,1413405166471745536);
INSERT INTO og_sys_perm_code_perm VALUES (1400639252747784192,1413405061278601216);

-- ----------------------------
-- 以下记录用于工作流，这里的注释，是为了便于老用户进行手动数据补偿。
-- ----------------------------

INSERT INTO og_sys_perm_code_perm VALUES (1418050322282057728,1400637970863624192);
INSERT INTO og_sys_perm_code_perm VALUES (1418050797706416128,1400637970863624192);
INSERT INTO og_sys_perm_code_perm VALUES (1418057346877231104,1400637970863624192);
INSERT INTO og_sys_perm_code_perm VALUES (1418048335343783936,1400633375525441536);
INSERT INTO og_sys_perm_code_perm VALUES (1418048335343783936,1400635131969933312);
INSERT INTO og_sys_perm_code_perm VALUES (1418048335343783936,1400635661106548736);
INSERT INTO og_sys_perm_code_perm VALUES (1418048335343783936,1400636501900922880);
INSERT INTO og_sys_perm_code_perm VALUES (1418048335343783936,1400637740705386496);
INSERT INTO og_sys_perm_code_perm VALUES (1418048335343783936,1413405061278601216);
INSERT INTO og_sys_perm_code_perm VALUES (1418048335343783936,1418026612762349580);
INSERT INTO og_sys_perm_code_perm VALUES (1423637544578322432,1400637775962705920);
INSERT INTO og_sys_perm_code_perm VALUES (1423637544578322432,1400637970863624192);
INSERT INTO og_sys_perm_code_perm VALUES (1418050322282057728,1418026612762349572);
INSERT INTO og_sys_perm_code_perm VALUES (1418050797706416128,1418026612762349572);
INSERT INTO og_sys_perm_code_perm VALUES (1418046848794365952,1418030338508066816);
INSERT INTO og_sys_perm_code_perm VALUES (1418046986677915648,1418030386436378624);
INSERT INTO og_sys_perm_code_perm VALUES (1418047095188754432,1418030437971791872);
INSERT INTO og_sys_perm_code_perm VALUES (1418047182946177024,1418030477918343168);
INSERT INTO og_sys_perm_code_perm VALUES (1418047095188754432,1418030533757112320);
INSERT INTO og_sys_perm_code_perm VALUES (1418048205177753600,1418031006660694016);
INSERT INTO og_sys_perm_code_perm VALUES (1418048335343783936,1418031078391681024);
INSERT INTO og_sys_perm_code_perm VALUES (1418048335343783936,1418031120481521664);
INSERT INTO og_sys_perm_code_perm VALUES (1418048335343783936,1418031174604820480);
INSERT INTO og_sys_perm_code_perm VALUES (1418048335343783936,1418031219706171392);
INSERT INTO og_sys_perm_code_perm VALUES (1418048335343783936,1418031304779239424);
INSERT INTO og_sys_perm_code_perm VALUES (1418048335343783936,1418031515207471104);
INSERT INTO og_sys_perm_code_perm VALUES (1418048335343783936,1418031648351457280);
INSERT INTO og_sys_perm_code_perm VALUES (1418048335343783936,1418031712788549632);
INSERT INTO og_sys_perm_code_perm VALUES (1418048335343783936,1418031801271586816);
INSERT INTO og_sys_perm_code_perm VALUES (1418048335343783936,1418032222232907776);
INSERT INTO og_sys_perm_code_perm VALUES (1418048335343783936,1418032258429751296);
INSERT INTO og_sys_perm_code_perm VALUES (1418048335343783936,1418032300414734336);
INSERT INTO og_sys_perm_code_perm VALUES (1418048335343783936,1418032344064856064);
INSERT INTO og_sys_perm_code_perm VALUES (1418048335343783936,1418032382409183232);
INSERT INTO og_sys_perm_code_perm VALUES (1418049164754817024,1418033804987076608);
INSERT INTO og_sys_perm_code_perm VALUES (1418057346877231104,1418033889183535104);
INSERT INTO og_sys_perm_code_perm VALUES (1418049164754817024,1418034243434450944);
INSERT INTO og_sys_perm_code_perm VALUES (1418057346877231104,1418034243434450944);
INSERT INTO og_sys_perm_code_perm VALUES (1418049164754817024,1418035997727264768);
INSERT INTO og_sys_perm_code_perm VALUES (1418057346877231104,1418035997727264768);
INSERT INTO og_sys_perm_code_perm VALUES (1418049287106859008,1418040510253109248);
INSERT INTO og_sys_perm_code_perm VALUES (1418049398776008704,1418040574245605376);
INSERT INTO og_sys_perm_code_perm VALUES (1418050797706416128,1418051334564745216);
INSERT INTO og_sys_perm_code_perm VALUES (1418050797706416128,1418051485324808192);
INSERT INTO og_sys_perm_code_perm VALUES (1418050322282057728,1418051693639110656);
INSERT INTO og_sys_perm_code_perm VALUES (1418050322282057728,1418054128097038336);
INSERT INTO og_sys_perm_code_perm VALUES (1418048335343783936,1418054519798894592);
INSERT INTO og_sys_perm_code_perm VALUES (1418049164754817024,1418054519798894592);
INSERT INTO og_sys_perm_code_perm VALUES (1418050322282057728,1418054519798894592);
INSERT INTO og_sys_perm_code_perm VALUES (1418050797706416128,1418054519798894592);
INSERT INTO og_sys_perm_code_perm VALUES (1418057346877231104,1418054519798894592);
INSERT INTO og_sys_perm_code_perm VALUES (1418050322282057728,1418054618176294912);
INSERT INTO og_sys_perm_code_perm VALUES (1418057346877231104,1418054618176294912);
INSERT INTO og_sys_perm_code_perm VALUES (1418049164754817024,1418054792965525504);
INSERT INTO og_sys_perm_code_perm VALUES (1418050322282057728,1418054792965525504);
INSERT INTO og_sys_perm_code_perm VALUES (1418057346877231104,1418054792965525504);
INSERT INTO og_sys_perm_code_perm VALUES (1418050322282057728,1418055060981551104);
INSERT INTO og_sys_perm_code_perm VALUES (1418050322282057728,1418056212146032640);
INSERT INTO og_sys_perm_code_perm VALUES (1418050322282057728,1418079603167072256);
INSERT INTO og_sys_perm_code_perm VALUES (1418050797706416128,1418079603167072256);
INSERT INTO og_sys_perm_code_perm VALUES (1418050322282057728,1418079670594703360);
INSERT INTO og_sys_perm_code_perm VALUES (1418050797706416128,1418079670594703360);
INSERT INTO og_sys_perm_code_perm VALUES (1418057346877231104,1418079670594703360);
INSERT INTO og_sys_perm_code_perm VALUES (1418048335343783936,1507731604724781056);
INSERT INTO og_sys_perm_code_perm VALUES (1423637544578322432,1418034243434450944);
INSERT INTO og_sys_perm_code_perm VALUES (1423637544578322432,1418054519798894592);
INSERT INTO og_sys_perm_code_perm VALUES (1423637544578322432,1418054618176294912);
INSERT INTO og_sys_perm_code_perm VALUES (1423637544578322432,1418054792965525504);
INSERT INTO og_sys_perm_code_perm VALUES (1423637544578322432,1423635764486344704);
INSERT INTO og_sys_perm_code_perm VALUES (1423637544578322432,1423635851312631808);
INSERT INTO og_sys_perm_code_perm VALUES (1423637544578322432,1423636091033882624);
COMMIT;

-- ----------------------------
-- 全部白名单权限资源数据
-- ----------------------------
INSERT INTO og_sys_perm_whitelist VALUES ('/admin/flow/flowCategory/listDict','流程管理','流程分类字典');
INSERT INTO og_sys_perm_whitelist VALUES ('/admin/flow/flowEntry/listDict','流程管理','流程字典');
INSERT INTO og_sys_perm_whitelist VALUES ('/admin/flow/flowEntry/viewDict','流程管理','流程部分数据查看');
INSERT INTO og_sys_perm_whitelist VALUES ('/admin/flow/flowOnlineOperation/listFlowEntryForm','流程管理','流程列表包含在线表单列表');
INSERT INTO og_sys_perm_whitelist VALUES ('/admin/flow/flowOnlineOperation/viewCopyBusinessData','流程管理','查看基于在线表单流程的抄送业务数据接口');
INSERT INTO og_sys_perm_whitelist VALUES ('/admin/flow/flowOnlineOperation/viewDraftData','流程管理','查看在线表单的草稿数据');
INSERT INTO og_sys_perm_whitelist VALUES ('/admin/flow/flowOperation/viewDraftData','流程管理','查看静态路由表单的草稿数据');
INSERT INTO og_sys_perm_whitelist VALUES ('/admin/flow/flowOperation/countRuntimeTask','流程管理','待办任务数量');
INSERT INTO og_sys_perm_whitelist VALUES ('/admin/flow/flowOperation/viewInitialTaskInfo','流程管理','查看初始化流程任务信息');
INSERT INTO og_sys_perm_whitelist VALUES ('/admin/flow/flowOperation/viewRuntimeTaskInfo','流程管理','查看运行时流程任务信息');
INSERT INTO og_sys_perm_whitelist VALUES ('/admin/flow/flowOperation/viewHistoricTaskInfo','流程管理','查看历史流程任务信息');
INSERT INTO og_sys_perm_whitelist VALUES ('/admin/flow/flowOperation/viewInitialHistoricTaskInfo','流程管理','查看历史流程初始化任务信息');
INSERT INTO og_sys_perm_whitelist VALUES ('/admin/flow/flowOperation/viewTaskUserInfo','流程管理','查看任务的用户信息列表');
INSERT INTO og_sys_perm_whitelist VALUES ('/admin/flow/flowOperation/submitConsign','流程管理','提交会签');
INSERT INTO og_sys_perm_whitelist VALUES ('/admin/flow/flowOperation/listFlowTaskComment','流程管理','流程实例审批意见列表');
INSERT INTO og_sys_perm_whitelist VALUES ('/admin/flow/flowOperation/viewProcessBpmn','流程管理','查看流程图');
INSERT INTO og_sys_perm_whitelist VALUES ('/admin/flow/flowOperation/viewHighlightFlowData','流程管理','查看流程图高亮数据');
INSERT INTO og_sys_perm_whitelist VALUES ('/admin/flow/flowOperation/cancelWorkOrder','流程管理','撤销工单');
INSERT INTO og_sys_perm_whitelist VALUES ('/admin/flow/flowOperation/remindRuntimeTask','流程管理','催办任务');
INSERT INTO og_sys_perm_whitelist VALUES ('/admin/flow/flowOperation/rejectToStartUserTask','流程管理','驳回任务到发起节点');
INSERT INTO og_sys_perm_whitelist VALUES ('/admin/flow/flowOperation/rejectRuntimeTask','流程管理','驳回任务');
INSERT INTO og_sys_perm_whitelist VALUES ('/admin/flow/flowOperation/revokeHistoricTask','流程管理','撤回任务');
INSERT INTO og_sys_perm_whitelist VALUES ('/admin/flow/flowOperation/viewCopyBusinessData','流程管理','查看基于静态表单流程的抄送业务数据接口');
INSERT INTO og_sys_perm_whitelist VALUES ('/admin/flow/flowMessage/getMessageCount','流程管理','查看消息数量');
INSERT INTO og_sys_perm_whitelist VALUES ('/admin/flow/flowMessage/listRemindingTask','流程管理','查看催办消息列表');
INSERT INTO og_sys_perm_whitelist VALUES ('/admin/flow/flowMessage/listCopyMessage','流程管理','查看抄送消息列表');
INSERT INTO og_sys_perm_whitelist VALUES ('/admin/online/onlineOperation/listDict','在线表单','在线表单字典');
INSERT INTO og_sys_perm_whitelist VALUES ('/admin/online/onlineOperation/getColumnRuleCode','在线表单','获取规则编码接口');
INSERT INTO og_sys_perm_whitelist VALUES ('/admin/upms/login/getLoginInfo','登录模块','获取登录信息');
INSERT INTO og_sys_perm_whitelist VALUES ('/admin/upms/sysRole/listDict','系统管理','角色字典接口');
INSERT INTO og_sys_perm_whitelist VALUES ('/admin/upms/sysRole/listDictByIds','系统管理','角色字典接口');
INSERT INTO og_sys_perm_whitelist VALUES ('/admin/upms/sysUser/list','系统管理','用户列表接口');
INSERT INTO og_sys_perm_whitelist VALUES ('/admin/upms/sysPost/listDict','系统管理','岗位字典接口');
INSERT INTO og_sys_perm_whitelist VALUES ('/admin/upms/sysPost/listDictByIds','系统管理','岗位字典接口');
INSERT INTO og_sys_perm_whitelist VALUES ('/admin/upms/sysPost/list','系统管理','岗位列表');
INSERT INTO og_sys_perm_whitelist VALUES ('/admin/upms/sysDept/listSysDeptPostWithRelation','系统管理','部门岗位关联列表');
INSERT INTO og_sys_perm_whitelist VALUES ('/admin/upms/sysDept/listDict','部门管理','部门字典字典列表');
INSERT INTO og_sys_perm_whitelist VALUES ('/admin/upms/sysDept/listDictByIds','部门管理','部门字典字典批量Id列表');
INSERT INTO og_sys_perm_whitelist VALUES ('/admin/upms/sysDept/listDictByParentId','部门管理','部门字典下一级字典列表');
INSERT INTO og_sys_perm_whitelist VALUES ('/admin/upms/login/doLogout','登录模块','退出登陆');
INSERT INTO og_sys_perm_whitelist VALUES ('/admin/upms/login/changePassword','系统管理','修改密码');
INSERT INTO og_sys_perm_whitelist VALUES ('/admin/upms/login/changeHeadImage','系统管理','修改头像');
INSERT INTO og_sys_perm_whitelist VALUES ('/admin/upms/login/downloadHeadImage','系统管理','下载头像');
COMMIT;
